t_ms,tcs_on,slip,target_vx,cmd_vx,odom_vx,odom_vy,ground_vx,ground_vy,a_odom_x_cm,a_imu_x_cm,accel_res_cm,geom_res_x10,rot_res_mrad,accel_gain_x1000,w0_x100,w1_x100,w2_x100,w3_x100,cmd_vy,cmd_w_mrad,gyro_mrad,t0_x100,t1_x100,t2_x100,t3_x100,rx_stall,rx_restart,v0_x100,v1_x100,v2_x100,v3_x100
10,1,64,1813,49,2,0,-1,-4,27,-1,29,4,2,1000,4,-16,17,-2,-5,0,0,-147,-104,131,125,0,0,-182,-158,156,180
20,1,64,1848,130,51,6,8,-1,302,11,290,-14,-21,1000,-164,-106,66,177,-5,0,-1,-365,-293,319,344,0,0,-233,-202,186,236
30,1,64,1892,210,96,6,51,0,410,192,218,-51,82,1000,-340,-95,104,408,-5,-1,2,-584,-482,507,562,0,0,-253,-211,200,255
40,1,64,1940,290,153,18,102,5,488,291,197,-55,190,1000,-458,-224,224,612,-5,11,-20,-799,-668,698,784,0,0,-262,-230,218,264
50,1,64,1989,370,233,84,160,3,733,362,371,-105,820,1000,-502,-286,291,1227,-5,9,-14,-1018,-858,886,1003,0,0,-269,-219,225,261
60,1,64,2038,450,300,143,222,29,679,370,309,-142,1325,1000,-538,-383,329,1708,-4,43,-81,-1227,-1038,1083,1230,0,0,-275,-211,246,275
70,1,197,2082,530,387,211,265,30,807,378,430,-193,1916,1000,-628,-494,377,2315,-4,87,-158,-1434,-1216,1282,1460,0,0,-279,-198,258,278
80,1,193,2102,610,396,84,294,35,290,313,-24,-169,883,1000,-1094,-528,502,1791,-4,97,-136,-1650,-1403,1473,1681,0,0,-296,-239,252,297
90,1,64,2110,690,387,52,334,34,121,281,-160,-100,573,1000,-1017,-635,696,1525,-4,71,41,-1875,-1598,1655,1894,0,0,-293,-246,231,275
100,1,197,2114,770,564,145,381,26,1093,343,750,-231,1553,1000,-1400,-741,774,2672,-4,5,-120,-2110,-1803,1827,2096,0,0,-306,-231,260,298
110,1,193,2115,850,524,65,422,34,125,368,-243,-153,918,1000,-1431,-808,908,2087,-4,95,-104,-2306,-1970,2037,2337,0,0,-307,-253,261,311
120,1,64,2116,930,553,49,474,32,299,341,-42,-102,770,1000,-1461,-992,1111,2000,-4,84,-68,-2527,-2162,2223,2554,0,0,-308,-260,257,306
130,1,193,2116,1010,648,82,527,27,685,330,355,-177,1140,1000,-1741,-1035,1146,2558,-3,100,-139,-2741,-2347,2415,2776,0,0,-318,-257,281,332
140,1,197,2116,1090,816,21,559,41,1285,329,955,-299,555,1000,-2696,-1104,1264,3040,-3,122,-32,-2953,-2530,2609,3001,0,0,-351,-289,275,345
150,1,193,2116,1170,817,-105,596,61,485,353,130,-263,-886,1000,-3183,-1214,1338,2404,-3,79,137,-3183,-2730,2787,3208,0,0,-336,-300,246,340
161,1,193,2116,1250,856,-72,634,46,470,372,98,-250,-566,1000,-3128,-1345,1456,2617,-3,-11,101,-3424,-2942,2952,3405,0,0,-351,-308,260,347
171,1,197,2116,1331,957,-85,678,26,808,400,407,-294,-986,1000,-3630,-1552,1504,2853,-3,0,84,-3641,-3129,3145,3628,0,0,-349,-305,259,354
181,1,197,2116,1411,1082,-291,688,77,1098,222,872,-312,-2998,1000,-4828,-1739,1819,2418,-3,-2,408,-3859,-3319,3333,3846,0,0,-336,-324,207,340
191,1,193,2116,1490,1056,-266,710,89,157,221,-65,-308,-2600,1000,-4602,-1648,1807,2488,-2,-128,408,-4108,-3538,3488,4032,0,0,-344,-321,192,317
201,1,197,1386,988,989,-149,772,42,-218,459,794,-249,-2019,1000,-3955,-1802,1628,2510,-201,211,267,-3030,-1801,2856,2365,0,0,-43,-42,-26,19
211,1,197,1418,909,924,-193,823,86,-673,483,1095,-251,-2519,1000,-4012,-1685,1431,2110,-185,-17,190,-2842,-1711,2577,2125,0,0,-40,-51,-54,6
221,1,196,1460,831,681,-60,799,118,-1668,56,1798,-126,-1277,1000,-2493,-1398,1192,1769,-169,-188,292,-2640,-1606,2311,1898,0,0,17,-14,-74,-33
231,1,196,1507,752,619,-2,722,80,-995,-449,690,-66,-629,1000,-2010,-1463,1130,1657,-153,-172,-59,-2392,-1455,2093,1718,0,0,39,8,-40,-8
241,1,196,1556,674,573,22,715,78,-689,-204,571,-31,-64,1000,-1685,-1421,1129,1581,-137,29,-312,-2097,-1258,1920,1585,0,0,55,24,-16,12
251,1,196,1596,595,527,35,722,84,-563,-35,558,-17,102,1000,-1475,-1350,1051,1482,-121,173,-363,-1816,-1074,1734,1438,0,0,64,27,-34,-5
261,1,192,1612,517,499,24,702,118,-371,-145,187,-32,267,1000,-1390,-1159,1035,1474,-105,166,-285,-1573,-929,1510,1252,0,0,67,25,-50,-16
271,1,192,1619,439,476,45,651,98,-243,-376,-87,-37,-157,1000,-1379,-1224,834,1382,-89,134,-187,-1336,-790,1279,1061,0,0,67,27,-59,-27
281,1,192,1377,360,443,72,631,106,-289,-242,76,-10,122,1000,-1109,-1205,833,1357,-73,145,-181,-1089,-640,1060,880,0,0,17,0,-9,6
291,1,192,1172,282,414,67,620,132,-284,-170,91,-14,61,1000,-1061,-1128,754,1262,-57,156,-174,-841,-490,840,699,0,0,19,0,-13,4
301,1,192,1089,203,418,70,580,127,-84,-329,-229,-24,-137,1000,-1134,-1166,682,1256,-41,163,-161,-595,-341,619,518,0,0,16,0,-15,4
311,1,64,1055,125,429,68,540,108,23,-226,-227,-26,-127,1000,-1182,-1192,701,1273,-25,201,-212,-341,-185,406,344,0,0,15,0,-8,12
321,1,64,1041,47,391,64,507,100,-211,-79,126,-19,-55,1000,-1054,-1092,657,1171,-9,216,-203,-92,-34,187,164,0,0,19,2,-9,11
331,1,64,1036,0,387,61,460,90,-116,-156,0,-17,95,1000,-996,-1037,704,1191,0,219,-178,54,54,54,54,0,0,9,14,14,14
341,1,64,1033,0,375,55,410,85,-101,-262,0,-10,-30,1000,-985,-1033,683,1110,0,216,-146,54,54,54,54,0,0,11,14,13,13
351,1,64,1033,0,356,49,382,80,-146,-200,0,0,70,1000,-883,-963,723,1063,0,203,-87,50,50,50,50,0,0,12,17,2,-1
361,1,64,1032,0,333,47,372,66,-202,-79,0,-13,63,1000,-839,-854,647,1038,0,189,-30,47,47,47,47,0,0,15,20,0,-3
371,1,64,1032,0,301,49,350,63,-249,-88,0,-18,39,1000,-755,-766,562,971,0,163,17,40,40,40,40,0,1,16,23,-4,-11
381,1,64,1032,0,302,48,313,61,-73,-197,0,-15,10,1000,-749,-770,580,968,0,144,62,36,36,36,36,0,1,17,23,-3,-10
391,1,64,1032,0,300,50,293,47,-61,-199,0,-18,-30,1000,-749,-766,560,972,0,116,93,29,29,29,29,0,1,16,23,-6,-15
401,1,64,1032,0,263,63,285,45,-240,-106,0,-8,-7,1000,-585,-719,483,888,0,94,132,23,23,23,23,0,2,13,25,-7,-21
411,1,64,1032,0,249,42,272,59,-188,-86,0,-9,-11,1000,-587,-631,496,816,0,65,143,16,16,16,16,0,2,20,27,-12,-24
421,1,64,1032,0,235,31,244,42,-158,-173,0,-22,-25,1000,-604,-547,456,778,0,54,135,13,13,13,13,0,2,27,31,-13,-22
431,1,64,1032,0,219,42,221,37,-145,-192,0,-19,118,1000,-496,-506,431,785,0,43,135,10,10,10,10,0,2,24,32,-11,-25
441,1,0,1032,0,199,38,203,46,-168,-179,0,-3,-1,1000,-442,-518,408,662,0,25,148,6,6,6,6,0,2,22,30,-13,-26
451,1,0,1032,0,197,34,184,30,-95,-200,0,2,-71,1000,-450,-533,408,619,0,15,145,3,3,3,3,0,2,22,29,-15,-28
461,1,0,1032,0,184,28,171,27,-100,-175,0,-2,-8,1000,-423,-467,390,593,0,15,124,3,3,3,3,0,2,22,27,-14,-26
471,1,0,1032,0,162,16,162,28,-155,-130,0,-9,11,1000,-400,-365,351,528,0,10,116,2,2,2,2,0,2,21,24,-14,-23
481,1,0,1032,0,142,22,148,18,-189,-132,0,-3,78,1000,-300,-328,328,492,0,-8,133,-2,-2,-2,-2,0,2,16,21,-14,-24
492,1,0,1032,0,137,19,132,16,-108,-155,0,-16,-119,1000,-367,-326,241,452,0,-21,138,-5,-5,-5,-5,0,2,15,19,-15,-25
502,1,0,1032,0,122,13,119,15,-137,-147,0,-10,19,1000,-293,-256,270,419,0,-29,132,-7,-7,-7,-7,0,2,14,16,-16,-24
512,1,0,1032,0,105,26,108,15,-174,-125,0,10,76,1000,-166,-288,262,367,0,-35,123,-8,-8,-8,-8,0,2,10,16,-13,-25
522,1,0,1032,0,94,8,95,17,-131,-130,0,0,-14,1000,-220,-220,228,297,0,-35,106,-8,-8,-8,-8,0,2,11,13,-14,-21
532,1,0,1032,0,79,10,79,15,-120,-135,0,-7,16,1000,-191,-170,165,277,0,-26,73,-6,-6,-6,-6,0,2,11,13,-11,-19
542,1,0,1032,0,82,0,72,10,-38,-107,0,-4,7,1000,-226,-171,195,247,0,-12,36,-3,-3,-3,-3,0,2,15,14,-12,-16
552,1,0,1032,0,61,10,67,8,-158,-85,0,0,7,1000,-145,-166,124,190,0,2,3,0,0,0,0,0,2,13,16,-7,-13
865,2,64,1804,-29,2,4,0,0,35,2,-33,-3,11,1000,-3,-4,-8,25,6,-1,1,91,53,-84,-67,0,3,180,151,-153,-174
875,2,64,1832,-108,-34,19,-5,2,-244,-19,224,12,-19,1000,151,-1,-102,-87,6,0,-2,307,240,-269,-283,0,3,214,176,-174,-212
885,2,64,1873,-188,-72,20,-35,7,-310,-135,174,-1,-210,1000,171,63,-283,-218,6,12,-37,528,432,-455,-499,0,3,238,204,-192,-237
895,2,64,1920,-268,-111,29,-86,11,-340,-297,42,-29,-197,1000,228,195,-473,-254,5,27,-79,750,624,-639,-714,0,3,252,235,-205,-250
905,2,64,1968,-348,-141,19,-132,16,-325,-364,-39,-32,-164,1000,285,296,-532,-352,5,54,-120,975,820,-820,-925,0,3,259,240,-208,-252
915,2,64,2018,-428,-154,10,-166,18,-223,-359,-135,-2,-38,1000,385,291,-448,-452,5,84,-176,1201,1017,-1001,-1137,0,3,267,243,-209,-253
925,2,64,2068,-508,-197,0,-196,17,-368,-336,31,-2,24,1000,491,433,-510,-573,5,127,-184,1431,1218,-1180,-1347,0,3,276,248,-214,-255
935,2,64,2118,-588,-267,2,-232,14,-557,-313,244,-19,-300,1000,592,570,-785,-785,5,138,-106,1652,1410,-1366,-1563,0,3,284,257,-235,-280
945,2,64,2167,-668,-330,-14,-279,12,-628,-335,293,-37,-282,1000,697,809,-935,-946,5,108,-106,1861,1590,-1560,-1788,0,3,292,263,-236,-274
955,2,64,2209,-748,-378,3,-343,1,-497,-425,71,-66,-128,1000,845,999,-1117,-937,4,104,-79,2079,1778,-1749,-2008,0,3,299,275,-250,-291
965,2,64,2228,-828,-408,17,-384,-2,-395,-368,26,-22,84,1000,1087,964,-1071,-1045,4,142,-132,2306,1977,-1928,-2217,0,3,307,281,-248,-295
975,2,64,2235,-908,-447,-1,-415,15,-371,-272,99,-15,84,1000,1160,1069,-1115,-1219,4,185,-190,2535,2176,-2105,-2425,0,3,309,279,-246,-289
985,2,64,2238,-988,-528,1,-472,4,-684,-383,301,-55,-104,1000,1258,1311,-1456,-1391,4,190,-172,2755,2367,-2292,-2643,0,3,313,286,-254,-294
995,2,64,2239,-1068,-615,-6,-538,3,-811,-428,383,-86,35,1000,1458,1654,-1669,-1532,4,178,-129,2970,2553,-2483,-2864,0,3,319,293,-258,-293
1005,2,64,2240,-1148,-628,-6,-585,5,-372,-333,39,-58,-51,1000,1533,1596,-1654,-1651,4,190,-129,3191,2745,-2669,-3080,0,3,322,293,-262,-300
1015,2,64,2240,-1228,-661,-1,-625,-5,-344,-298,46,-27,-151,1000,1683,1569,-1684,-1810,3,180,-92,3407,2931,-2860,-3302,0,3,326,295,-266,-308
1025,2,0,1465,-712,-718,-12,-671,-7,-473,-316,0,-33,285,1000,1909,1846,-1702,-1869,-15,-111,-113,1887,1686,-1670,-2001,0,3,77,80,-49,-64
1035,2,193,1483,-653,-818,-134,-730,2,-725,-327,-417,-162,1085,1000,1857,2875,-1789,-1919,-13,18,-181,1761,1576,-1502,-1805,0,3,38,39,0,37
1045,2,197,1520,-573,-677,-148,-771,5,553,-387,933,-154,1369,1000,1520,2612,-1345,-1519,-12,243,-233,1602,1440,-1261,-1527,0,3,34,31,14,55
1055,2,196,1565,-493,-554,-13,-754,-11,941,7,949,-62,742,1000,1521,1660,-1264,-1238,-10,295,-74,1400,1260,-1063,-1292,0,3,-36,-19,57,69
1065,2,196,1613,-413,-453,53,-704,-17,995,289,721,-59,621,1000,1396,1273,-1163,-826,-8,167,107,1153,1036,-911,-1102,0,3,-72,-39,61,58
1075,2,192,1661,-333,-432,90,-679,-19,498,243,266,-35,663,1000,1489,1107,-1106,-718,-7,81,188,916,822,-748,-902,0,3,-73,-36,70,60
1085,2,192,1687,-253,-409,27,-655,-9,344,269,70,-8,165,1000,1265,1033,-937,-937,-5,47,282,692,620,-572,-689,0,3,-81,-56,69,70
1095,2,192,1698,-173,-379,44,-610,-3,332,372,-38,-18,168,1000,1203,954,-924,-789,-3,-27,315,458,409,-406,-486,0,3,-83,-54,71,69
1105,2,192,1604,-93,-360,19,-574,-24,291,356,-66,-45,-80,1000,982,975,-946,-789,-1,-55,317,236,210,-228,-271,0,3,-29,-7,24,23
1115,2,192,1300,-14,-309,-18,-551,-22,367,273,89,-39,-446,1000,699,847,-808,-821,0,-89,347,17,13,-56,-63,0,3,-38,-24,18,23
1125,2,64,1177,0,-328,-3,-509,-4,36,270,0,-16,-226,1000,888,857,-774,-833,0,-130,363,-32,-32,-32,-32,0,3,-32,-24,0,-3
1135,2,64,1127,0,-333,2,-428,-9,-1,352,0,1,-133,1000,972,829,-735,-857,0,-152,345,-38,-38,-38,-38,0,3,-29,-23,10,6
1145,2,64,1106,0,-335,21,-384,-13,9,271,0,13,-70,1000,1038,756,-758,-853,0,-172,272,-43,-43,-43,-43,0,3,-27,-17,9,0
1156,2,64,1098,0,-301,14,-372,16,211,72,0,14,83,1000,954,714,-635,-753,0,-159,209,-39,-39,-39,-39,0,3,-30,-22,12,6
1166,2,64,1095,0,-274,20,-354,10,237,-1,0,4,40,1000,847,635,-635,-673,0,-146,151,-36,-36,-36,-36,0,3,-33,-23,12,4
1176,2,64,1093,0,-257,25,-301,14,192,204,0,5,-81,1000,781,553,-635,-650,0,-131,151,-32,-32,-32,-32,0,3,-35,-24,9,0
1186,2,64,1093,0,-237,32,-260,26,192,270,0,10,-11,1000,771,492,-576,-575,0,-144,152,-36,-36,-36,-36,0,3,-36,-23,11,0
1196,2,64,1093,0,-227,41,-239,15,155,206,0,2,-89,1000,712,437,-622,-541,0,-134,113,-33,-33,-33,-33,0,3,-38,-23,14,1
1206,2,64,1092,0,-215,24,-221,29,136,176,0,17,43,1000,691,427,-502,-558,0,-98,35,-24,-24,-24,-24,0,3,-38,-28,20,14
1216,2,0,1092,0,-184,24,-208,31,248,119,0,5,-69,1000,540,342,-500,-490,0,-71,-16,-17,-17,-17,-17,0,3,-32,-22,20,15
1226,2,0,1092,0,-160,24,-181,24,242,173,0,3,-18,1000,477,295,-441,-412,0,-57,-38,-14,-14,-14,-14,0,3,-28,-18,19,14
1236,2,0,1092,0,-163,38,-151,27,77,241,0,15,-7,1000,542,247,-448,-415,0,-58,-32,-14,-14,-14,-14,0,3,-31,-17,22,13
1246,2,0,1092,0,-148,38,-142,28,107,156,0,11,-55,1000,487,215,-429,-375,0,-67,-12,-16,-16,-16,-16,0,3,-32,-18,20,10
1256,2,0,1092,0,-135,26,-134,27,118,115,0,2,9,1000,423,248,-379,-327,0,-61,-20,-15,-15,-15,-15,0,3,-29,-17,18,11
1266,2,0,1092,0,-118,29,-116,26,150,163,0,-3,-56,1000,359,202,-373,-275,0,-69,-3,-17,-17,-17,-17,0,3,-29,-17,17,8
1276,2,0,1092,0,-105,29,-101,24,152,159,0,6,32,1000,373,181,-284,-227,0,-91,36,-22,-22,-22,-22,0,3,-31,-18,13,3
1286,2,0,1092,0,-95,26,-93,24,121,116,0,0,0,1000,316,170,-280,-202,0,-88,27,-22,-22,-22,-22,0,3,-29,-18,13,3
1296,2,0,1092,0,-80,25,-82,21,154,119,0,3,-67,1000,249,97,-266,-203,0,-62,-34,-15,-15,-15,-15,0,3,-12,-3,24,18
1306,2,0,1092,0,-76,24,-69,18,74,126,0,3,27,1000,250,102,-244,-183,0,-31,-81,-7,-7,-7,-7,0,3,-10,-1,26,20
1316,2,0,1092,0,-60,16,-61,16,116,100,0,0,70,1000,192,98,-183,-138,0,-20,-86,-5,-5,-5,-5,0,3,-16,-8,15,10
1326,2,0,1092,0,-50,16,-54,13,116,78,0,4,26,1000,171,61,-155,-125,0,-28,-58,-7,-7,-7,-7,0,3,-17,-8,14,7
2096,3,64,1813,-77,-77,-6,-75,-12,24,41,57,2,34,1000,223,209,-145,-211,33,-48,35,263,92,-273,-160,0,3,215,-124,-199,113
2106,3,196,1847,-75,-93,63,-75,0,-80,35,431,7,50,1000,419,78,-324,-123,113,-64,57,406,-104,-461,-6,0,3,211,-165,-203,140
2116,3,64,1891,-73,-75,77,-79,41,72,-11,71,15,68,1000,436,2,-275,-44,193,-104,119,544,-308,-654,142,0,3,215,-193,-211,167
2126,3,64,1939,-71,-64,80,-78,79,105,-13,-149,23,76,1000,452,-22,-208,1,273,-162,216,676,-516,-853,286,0,3,210,-205,-221,172
2136,3,64,1988,-69,-63,104,-66,110,24,45,-134,5,1,1000,462,-32,-304,90,353,-223,306,808,-725,-1051,430,0,3,207,-213,-230,184
2146,3,64,2037,-67,-49,139,-57,132,104,61,47,9,55,1000,522,-136,-318,211,433,-282,347,941,-933,-1250,574,0,3,230,-249,-248,225
2157,3,64,2088,-65,-49,164,-53,157,52,34,18,12,89,1000,589,-190,-360,266,513,-319,363,1080,-1137,-1444,724,0,3,237,-270,-259,233
2167,3,64,2137,-63,-64,210,-49,187,-85,46,152,24,159,1000,771,-267,-450,310,593,-361,389,1216,-1340,-1637,871,0,3,232,-281,-265,229
2177,3,64,2187,-60,-65,241,-50,217,-22,39,97,29,229,1000,864,-329,-491,378,673,-403,408,1353,-1544,-1831,1020,0,3,235,-288,-271,232
2187,3,64,2237,-58,-36,275,-49,239,152,6,174,17,159,1000,805,-462,-547,533,753,-439,415,1491,-1746,-2024,1170,0,3,242,-295,-282,237
2197,3,64,2287,-56,-57,323,-42,274,-84,42,237,10,112,1000,935,-517,-733,577,833,-482,437,1627,-1951,-2218,1317,0,3,237,-304,-289,236
2207,3,64,2338,-54,-46,350,-38,314,57,59,100,36,185,1000,1041,-643,-681,629,913,-535,472,1761,-2157,-2415,1463,0,3,241,-314,-296,237
2217,3,64,2388,-52,-48,370,-40,343,10,14,53,24,-69,1000,1008,-708,-810,639,993,-588,527,1895,-2364,-2612,1608,0,3,235,-321,-305,232
2227,3,64,2438,-50,-50,418,-44,382,1,-11,107,41,80,1000,1167,-829,-860,717,1073,-637,487,2031,-2570,-2808,1755,0,3,250,-330,-311,247
2237,3,64,2488,-48,-24,437,-40,419,159,-4,20,17,-49,1000,1031,-928,-959,820,1153,-657,403,2173,-2769,-2997,1909,0,3,253,-335,-321,249
2247,3,196,2538,-46,-42,546,-40,443,-4,-15,483,57,-103,1000,1339,-1274,-1188,863,1233,-634,331,2326,-2956,-3175,2073,0,3,270,-355,-334,266
2257,3,64,2588,-44,-26,559,-42,483,60,-48,163,22,-290,1000,1175,-1323,-1336,938,1313,-641,244,2471,-3152,-3360,2230,0,3,269,-360,-345,267
2267,3,64,2638,-42,-30,602,-43,524,51,-35,64,93,349,1000,1541,-1471,-1154,976,1394,-614,78,2626,-3340,-3538,2397,0,3,291,-368,-343,283
2277,3,64,2688,-39,-44,621,-25,576,-70,97,-34,113,1129,1000,1809,-1383,-1031,1084,1474,-537,-97,2793,-3514,-3703,2574,0,3,308,-373,-344,301
2287,3,64,2738,-37,-83,673,-20,605,-221,168,218,97,845,1000,1910,-1444,-1357,1038,1554,-446,-97,2962,-3685,-3863,2756,0,3,314,-381,-349,313
2297,3,196,2788,-35,-29,721,-10,592,187,150,448,74,257,1000,1643,-1787,-1558,1167,1633,-405,-150,3119,-3867,-4036,2924,0,3,325,-397,-373,321
2307,3,197,2832,-33,-1,874,-39,643,263,-102,853,189,-921,1000,1807,-2801,-1870,988,1713,-379,-175,3273,-4054,-4213,3089,0,3,334,-422,-386,316
2317,3,197,1903,127,127,1127,-83,685,880,-301,1675,343,-2178,1000,1976,-4376,-2074,1204,1127,-87,-87,3411,-4257,-4406,3238,0,3,335,-434,-394,288
2327,3,193,1918,121,131,1104,-78,697,400,-77,-312,313,-1666,1000,2018,-4091,-1923,1396,1076,-198,51,1675,-2872,-2299,2339,0,3,-65,-51,-6,-96
2337,3,197,1954,112,18,655,-54,721,-569,119,2745,156,-1339,1000,1162,-2347,-1486,599,996,-377,-148,1503,-2709,-2177,2118,0,3,-113,17,38,-127
2347,3,196,1998,103,-43,453,-89,672,-530,-178,1921,86,-1062,1000,813,-1540,-1317,204,917,-364,-372,1379,-2496,-2008,1945,0,3,-130,98,112,-138
2357,3,196,2046,94,-73,325,-98,630,-402,-76,1303,62,-1031,1000,512,-1192,-1228,-157,837,-153,-745,1304,-2235,-1789,1821,0,3,-82,115,132,-107
2367,3,196,2095,85,-96,265,-69,624,-286,191,893,46,-968,1000,423,-963,-1189,-304,758,57,-828,1229,-1974,-1570,1697,0,3,-101,121,138,-126
2377,3,192,2123,76,-93,228,-59,575,-96,138,225,58,-591,1000,475,-804,-959,-287,678,140,-780,1122,-1744,-1383,1541,0,3,-127,133,146,-154
2387,3,192,2135,67,-76,204,-73,524,53,-11,-53,45,-289,1000,427,-683,-816,-183,598,205,-784,1011,-1519,-1200,1381,0,3,-121,137,145,-157
2397,3,192,2075,58,-94,165,-85,493,-90,-39,76,47,-433,1000,379,-580,-791,-340,519,251,-751,895,-1299,-1023,1216,0,3,-61,58,78,-114
2407,3,192,1674,49,-115,125,-81,442,-155,35,-55,74,-763,1000,353,-569,-743,-596,439,272,-680,773,-1085,-851,1045,0,3,-78,57,79,-132
2417,3,192,1510,40,-126,152,-74,390,-122,66,-467,45,-883,1000,339,-571,-939,-544,360,333,-696,661,-861,-669,883,0,3,-59,50,72,-118
2427,3,64,1444,31,-94,170,-81,363,114,0,-413,27,-370,1000,342,-547,-855,-292,280,423,-830,556,-630,-481,729,0,3,-40,58,75,-108
2437,3,64,1417,22,-108,183,-98,303,-87,-80,-369,-9,-343,1000,317,-461,-1021,-234,201,543,-892,458,-392,-284,582,0,3,-34,55,69,-103
2447,3,64,1406,13,-83,120,-101,239,80,-52,34,32,-268,1000,237,-458,-691,-357,121,630,-891,352,-161,-96,428,0,3,-30,64,81,-110
2457,3,64,1402,4,-86,90,-93,181,14,9,24,23,-405,1000,136,-393,-683,-438,42,703,-892,243,65,87,269,0,3,-32,72,81,-104
2467,3,64,1400,0,-75,87,-90,131,70,10,0,-2,-216,1000,74,-317,-683,-326,0,787,-958,196,196,196,196,0,3,73,75,78,77
2477,3,64,1399,0,-58,86,-82,98,131,22,0,0,54,1000,103,-286,-565,-215,0,879,-941,219,219,219,219,0,3,73,77,76,74
2487,3,64,1399,0,-44,98,-69,85,107,32,0,-22,160,1000,137,-195,-515,-9,0,946,-654,236,236,236,236,0,3,71,81,75,79
2498,3,0,1399,0,-53,75,-63,81,22,37,0,-2,-41,1000,223,-111,-372,-58,0,871,-208,217,217,217,217,0,3,28,57,49,45
2508,3,0,1399,0,-59,62,-56,66,-49,42,0,-3,-186,1000,272,0,-299,-39,0,666,176,166,166,166,166,0,3,4,32,30,23
2518,3,0,1399,0,-58,44,-51,55,-11,56,0,0,-295,1000,265,51,-222,-56,0,464,372,116,116,116,116,0,3,-13,10,12,4
2831,4,64,1816,6,28,22,2,0,225,0,-198,-26,247,1000,-16,19,19,251,-63,152,47,-101,171,203,-64,0,3,-158,190,180,-121
2841,4,196,1852,6,-37,-75,1,-13,-253,21,420,8,-111,1000,-39,228,97,-279,-143,154,51,-253,361,392,-218,0,3,-200,227,205,-219
2851,4,64,1896,6,-34,-123,-7,-58,-66,-2,253,34,-416,1000,-150,206,212,-481,-223,126,94,-413,543,573,-378,0,3,-235,242,232,-241
2861,4,64,1944,6,-51,-127,-15,-99,-122,12,-30,52,-532,1000,-104,178,197,-608,-303,126,80,-565,732,761,-532,0,3,-228,236,233,-240
2871,4,64,1993,5,-22,-130,-22,-129,102,-16,-174,29,-281,1000,-197,218,258,-442,-383,165,0,-708,931,959,-675,0,3,-249,259,247,-250
2881,4,64,2043,5,-22,-120,-23,-142,31,-17,-212,18,141,1000,-117,303,290,-319,-463,211,-93,-849,1132,1159,-817,0,3,-224,266,253,-237
2891,4,64,2092,5,4,-137,-19,-152,170,-8,-94,-20,349,1000,-254,427,346,-142,-543,225,-93,-998,1324,1351,-968,0,3,-252,280,260,-243
2901,4,64,2142,5,-24,-209,-17,-180,-125,-11,243,13,-211,1000,-367,452,404,-562,-623,207,-48,-1155,1509,1534,-1126,0,3,-262,280,267,-262
2911,4,64,2192,5,-72,-267,-28,-213,-312,-9,313,51,-370,1000,-293,582,494,-912,-703,182,3,-1314,1692,1716,-1285,0,3,-270,279,275,-266
2921,4,64,2242,5,-44,-283,-37,-248,25,-20,93,53,-455,1000,-408,541,593,-880,-783,157,49,-1473,1874,1898,-1445,0,3,-280,290,283,-281
2931,4,196,2293,4,-98,-379,-40,-287,-343,13,490,107,-797,1000,-404,683,747,-1400,-863,134,84,-1631,2058,2081,-1604,0,3,-290,288,293,-287
2941,4,192,2343,4,-105,-416,-33,-302,-170,46,259,112,-986,1000,-485,735,789,-1542,-943,111,113,-1789,2241,2263,-1764,0,3,-299,294,300,-296
2951,4,192,2382,4,-122,-471,-31,-324,-184,30,371,149,-1293,1000,-532,743,908,-1839,-1023,87,154,-1948,2424,2445,-1923,0,3,-306,285,297,-305
2961,4,193,2399,4,-147,-523,-35,-345,-224,-13,279,157,-1491,1000,-581,871,954,-2063,-1104,52,206,-2109,2605,2625,-2085,0,3,-308,279,294,-305
2971,4,192,2406,4,-109,-490,-43,-348,186,-46,-105,87,-796,1000,-621,1030,946,-1592,-1184,41,123,-2264,2791,2811,-2242,0,3,-302,303,306,-298
2981,4,129,1584,-89,-117,-570,-43,-378,-90,-5,0,153,-966,1000,-660,1022,1230,-1960,-542,83,89,-770,1512,1087,-1262,0,3,-4,-6,-10,9
2991,4,193,1605,-79,-207,-666,-27,-407,-560,97,-561,209,-2292,1000,-758,1046,1102,-2784,-478,64,303,-682,1332,957,-1116,0,3,15,-63,-31,22
3001,4,197,1643,-66,-146,-446,-14,-423,255,114,1209,155,-1694,1000,-483,651,728,-1945,-399,-35,246,-592,1090,777,-954,0,3,34,-82,-53,54
3011,4,196,1689,-53,-40,-328,-20,-386,686,5,989,42,-426,1000,-512,677,695,-917,-320,-49,77,-480,868,618,-770,0,3,65,-88,-74,92
3021,4,196,1737,-40,9,-235,-38,-351,537,-93,782,14,-56,1000,-446,494,610,-456,-241,27,50,-345,670,481,-563,0,3,83,-98,-87,112
3031,4,192,1785,-26,27,-211,-31,-331,299,6,320,14,95,1000,-402,446,648,-310,-162,32,99,-228,454,327,-375,0,3,90,-114,-102,120
3041,4,192,1811,-13,29,-176,-17,-286,126,88,60,9,62,1000,-357,364,548,-235,-84,1,99,-122,231,165,-198,0,3,98,-115,-104,123
3051,4,192,1821,-1,32,-150,-9,-262,76,88,-15,4,105,1000,-292,341,514,-133,-9,-57,189,-27,10,3,-36,0,3,86,-118,-103,121
3061,4,128,1718,0,33,-117,-11,-234,20,26,0,25,110,1000,-178,216,504,-104,0,-92,222,-23,-23,-23,-23,0,3,9,-22,-27,0
3071,4,0,1398,0,37,-139,-7,-186,16,-3,0,-3,22,1000,-301,324,481,-79,0,-142,278,-35,-35,-35,-35,0,3,7,-31,-36,-2
3081,4,0,1268,0,34,-126,1,-167,-14,-19,0,-6,-78,1000,-300,283,414,-83,0,-165,279,-41,-41,-41,-41,0,3,3,-33,-37,-6
3091,4,0,1215,0,36,-100,19,-142,20,63,0,0,-65,1000,-262,177,352,-64,0,-131,179,-32,-32,-32,-32,0,3,5,-25,-30,-5
3101,4,0,1194,0,36,-83,23,-114,18,25,0,-3,0,1000,-238,145,300,-28,0,-96,104,-24,-24,-24,-24,0,3,10,-17,-23,0
3111,4,0,1185,0,24,-59,17,-90,-54,-41,0,-3,48,1000,-161,118,220,-9,0,-90,66,-22,-22,-22,-22,0,3,4,-16,-20,-3
3121,4,0,1182,0,31,-60,20,-69,18,-13,0,6,126,1000,-144,97,276,0,0,-86,49,-21,-21,-21,-21,0,3,6,-15,-21,-3
3978,5,64,1801,34,29,-46,25,-39,0,-23,-34,-5,-37,1000,-184,48,162,-1,-29,-2,19,-150,-13,149,37,0,10,-41,-166,-1,166
3988,5,64,1825,85,41,-26,24,-39,104,-26,173,8,87,1000,-116,-25,212,78,24,-28,39,-195,-266,138,273,0,10,-27,-190,11,208
3998,5,196,1864,141,92,46,32,-25,286,34,406,1,117,1000,-118,-286,153,379,81,-37,50,-240,-535,132,533,0,10,-31,-246,4,255
4008,5,64,1910,197,89,42,66,18,107,153,-84,-6,-2,1000,-145,-266,125,367,138,-52,122,-286,-806,124,791,0,10,-42,-258,-5,256
4018,5,64,1958,253,92,46,89,46,70,182,-176,-6,-97,1000,-163,-297,104,368,196,-92,152,-339,-1082,110,1043,0,10,-46,-264,-9,261
4028,5,64,2007,308,93,59,103,67,61,172,-150,-8,-44,1000,-142,-322,76,402,253,-108,112,-385,-1353,102,1301,0,10,-38,-265,-9,271
4038,5,64,2057,364,114,86,117,91,147,165,-41,-12,50,1000,-148,-416,58,529,311,-97,50,-424,-1617,101,1566,0,10,-39,-271,-10,280
4048,5,64,2107,420,153,123,138,113,306,182,155,-16,262,1000,-158,-550,89,750,369,-74,-23,-462,-1880,103,1836,0,10,-40,-280,-6,292
4058,5,64,2157,476,187,145,166,136,334,208,121,-20,155,1000,-251,-707,77,859,426,-35,-48,-494,-2137,108,2108,0,10,-46,-288,-8,301
4068,5,64,2207,531,214,170,191,151,308,201,152,-30,129,1000,-304,-810,48,996,483,-21,-48,-533,-2399,108,2371,0,10,-48,-298,-14,311
4078,5,64,2257,587,258,203,217,177,398,176,250,-37,83,1000,-391,-991,41,1182,541,-9,-62,-572,-2663,107,2637,0,10,-48,-308,-17,322
4088,5,64,2307,643,288,233,271,194,309,337,111,-56,223,1000,-425,-1051,28,1394,598,0,-69,-612,-2927,105,2901,0,10,-48,-316,-19,334
4098,5,64,2357,699,290,239,300,238,176,317,-175,-41,189,1000,-400,-1120,45,1366,655,14,-85,-651,-3190,105,3166,0,10,-47,-320,-16,338
4108,5,64,2407,754,314,260,317,252,207,237,-21,-49,178,1000,-435,-1199,37,1495,713,0,-48,-697,-3461,97,3425,0,10,-48,-330,-20,347
4118,5,64,2457,810,365,301,344,253,383,240,322,-58,236,1000,-502,-1381,52,1745,770,6,-53,-738,-3726,95,3689,0,10,-48,-342,-19,360
4129,5,64,2507,866,383,309,378,303,254,276,-76,-31,-31,1000,-543,-1575,78,1686,828,6,-46,-780,-3993,91,3951,0,10,-48,-351,-18,363
4139,5,64,2557,922,431,330,402,341,381,214,14,-41,-200,1000,-673,-1731,96,1860,885,-42,47,-835,-4272,75,4201,0,10,-51,-368,-22,373
4149,5,64,2607,978,471,381,436,360,381,231,203,-72,236,1000,-653,-1769,94,2230,943,-22,3,-872,-4533,76,4468,0,10,-50,-374,-21,389
4159,5,64,2658,1033,509,392,491,369,303,357,15,-68,217,1000,-733,-1904,156,2339,1000,-13,-12,-912,-4798,74,4732,0,10,-48,-383,-15,398
4169,5,64,2708,1089,487,371,519,389,37,339,-347,-20,-383,1000,-757,-2066,128,1993,1058,-25,12,-958,-5068,67,4991,0,10,-50,-391,-20,392
4179,5,64,2758,1145,553,431,537,426,417,249,157,22,-869,1000,-838,-2580,143,2088,1115,-56,66,-1008,-5342,55,5246,0,10,-53,-416,-22,400
4189,5,64,2808,1200,586,463,562,438,350,204,236,-27,-268,1000,-850,-2482,148,2470,1173,-28,-32,-1043,-5602,58,5514,0,10,-47,-409,-16,417
4199,5,64,2858,1256,603,465,593,464,246,253,-58,-27,-411,1000,-939,-2576,132,2470,1230,20,-87,-1073,-5857,67,5789,0,10,-46,-415,-19,422
4209,5,64,2908,1312,670,551,632,508,507,283,358,-68,-106,1000,-975,-2763,58,2976,1287,40,-106,-1111,-6119,67,6056,0,10,-50,-430,-31,442
4219,5,64,2958,1368,706,570,663,536,391,256,142,-55,-258,1000,-1066,-2983,76,3029,1345,65,-178,-1147,-6379,70,6324,0,10,-45,-433,-26,449
4229,5,64,3008,1424,738,597,709,589,303,318,-79,-84,24,1000,-1096,-2984,79,3298,1402,111,-195,-1178,-6635,77,6598,0,10,-46,-441,-28,462
4239,5,64,3058,1479,736,598,747,614,138,345,-259,-130,544,1000,-1077,-2756,72,3504,1460,134,-268,-1215,-6896,79,6865,0,10,-42,-431,-25,473
4249,5,64,3108,1535,772,636,758,617,297,217,191,-129,487,1000,-1112,-2946,57,3659,1517,182,-261,-1245,-7150,87,7139,0,10,-43,-443,-28,483
4259,5,64,3156,1591,816,676,778,643,380,171,287,-115,-72,1000,-1244,-3293,-19,3707,1575,192,-173,-1285,-7414,86,7404,0,10,-48,-462,-44,488
4269,5,64,2142,804,835,686,818,670,258,262,-20,-129,320,1000,-1179,-3204,95,3932,666,-117,-64,-951,-3495,296,3440,0,10,-60,47,49,-40
4279,5,196,2174,742,747,563,852,706,-523,297,1314,-72,-246,1000,-1154,-2945,222,3239,614,80,110,-831,-3178,320,3222,0,10,-49,65,55,-60
4289,5,196,2216,680,673,426,850,718,-593,88,1298,-51,-184,1000,-1155,-2488,435,2745,563,121,101,-750,-2902,305,2966,0,10,-55,59,33,-87
4299,5,192,2263,619,678,409,802,643,-253,-251,92,-4,-617,1000,-1208,-2681,494,2514,513,20,101,-705,-2663,255,2677,0,10,-55,59,29,-99
4309,5,192,2312,557,649,412,789,646,-309,-178,171,0,-523,1000,-1108,-2624,433,2442,462,53,34,-626,-2390,239,2419,0,10,-45,85,40,-106
4319,5,192,2361,496,642,409,772,601,-118,-173,-177,10,-757,1000,-1150,-2706,373,2310,410,97,-51,-544,-2113,225,2164,0,10,-45,91,39,-115
4329,5,192,2411,434,642,406,736,568,11,-288,-456,-57,-255,1000,-1199,-2426,316,2556,359,150,-136,-460,-1834,213,1912,0,10,-41,104,40,-112
4339,5,192,2461,372,570,345,719,580,-361,-199,249,-11,-465,1000,-1095,-2305,328,2070,308,212,-228,-374,-1552,203,1660,0,10,-30,117,46,-115
4349,5,64,2511,311,565,351,676,529,-189,-250,-157,-10,-258,1000,-1012,-2255,358,2120,257,225,-217,-300,-1284,182,1398,0,10,-33,124,44,-128
4359,5,64,2561,249,545,327,603,454,-177,-375,-227,-18,-118,1000,-1003,-2112,366,2052,206,279,-285,-216,-1005,170,1146,0,10,-24,134,48,-122
4369,5,64,2611,187,475,260,570,392,-501,-188,360,19,-630,1000,-995,-2018,317,1517,155,321,-316,-135,-729,156,891,0,10,-14,143,45,-137
4379,5,64,2661,126,452,300,535,340,-331,-112,-58,10,-332,1000,-789,-1954,231,1634,104,320,-279,-64,-464,131,624,0,10,-11,150,50,-139
4389,5,64,2711,64,426,284,477,320,-281,-278,-39,-11,3,1000,-710,-1714,244,1669,53,338,-261,10,-193,110,363,0,10,-3,164,50,-147
4399,5,64,2761,6,392,211,415,276,-317,-420,61,6,55,1000,-707,-1490,391,1412,5,359,-260,82,61,92,117,0,10,16,177,42,-136
4409,5,0,2811,0,364,185,374,240,-265,-351,0,-7,228,1000,-675,-1298,382,1345,0,402,-308,100,100,100,100,0,10,84,125,36,-5
4419,5,0,2861,0,360,246,355,212,-177,-265,0,-21,326,1000,-538,-1359,234,1521,0,398,-246,99,99,99,99,0,10,61,124,34,-29
4429,5,0,2911,0,278,226,340,207,-620,-145,0,22,-177,1000,-319,-1284,139,1108,0,387,22,96,96,96,96,0,10,33,97,22,-40
4439,5,0,2962,0,242,214,307,217,-399,-125,0,34,-205,1000,-157,-1141,171,1017,0,215,288,53,53,53,53,0,10,-15,53,-11,-83
4449,5,0,3012,0,275,210,263,201,28,-304,0,13,-163,1000,-251,-1107,258,1199,0,69,449,17,17,17,17,0,10,-19,48,-22,-98
4460,5,0,3062,0,282,244,238,184,28,-308,0,4,-75,1000,-225,-1184,169,1300,0,-6,353,-1,-1,-1,-1,0,10,4,77,4,-79
4470,5,0,3112,0,269,213,256,189,-96,-76,0,-9,-110,1000,-314,-1081,145,1198,0,25,249,6,6,6,6,0,10,22,86,13,-60
4480,5,0,3159,0,234,200,251,179,-229,-72,0,-6,23,1000,-218,-955,116,1090,0,51,187,12,12,12,12,0,10,19,82,15,-56
4490,5,0,3183,0,223,185,207,159,-130,-284,0,-8,6,1000,-230,-897,114,1030,0,63,174,15,15,15,15,0,10,13,75,9,-61
4500,5,0,3193,0,208,183,188,159,-155,-260,0,-1,-192,1000,-212,-913,64,929,0,46,222,11,11,11,11,0,10,1,66,2,-71
4510,5,0,3197,0,203,175,189,155,-99,-132,0,0,-212,1000,-212,-887,71,896,0,6,235,1,1,1,1,0,10,1,65,1,-72
4520,5,0,3199,0,181,136,180,145,-157,-116,0,5,-60,1000,-196,-739,143,766,0,-13,156,-3,-3,-3,-3,0,10,11,64,4,-58
4530,5,0,3200,0,163,131,159,131,-171,-180,0,5,-157,1000,-183,-708,88,685,0,9,156,2,2,2,2,0,10,8,62,4,-58
4540,5,0,3200,0,160,130,144,114,-95,-188,0,-1,-49,1000,-190,-677,72,696,0,49,66,12,12,12,12,0,10,13,68,8,-53
4550,5,0,3200,0,141,131,136,112,-157,-142,0,-5,28,1000,-136,-617,24,662,0,69,22,17,17,17,17,0,10,14,70,12,-49
4560,5,0,3200,0,127,103,134,106,-133,-62,0,8,-33,1000,-130,-562,81,529,0,55,42,13,13,13,13,0,10,14,64,9,-47
4570,5,0,3200,0,119,106,114,89,-117,-154,0,0,-93,1000,-116,-533,34,530,0,17,102,4,4,4,4,0,10,8,59,7,-52
4580,5,0,3200,0,108,82,100,85,-126,-157,0,0,-37,1000,-119,-429,77,473,0,4,111,1,1,1,1,0,10,8,54,3,-50
4590,5,0,3200,0,95,68,101,77,-134,-58,0,1,-44,1000,-116,-381,79,400,0,9,88,2,2,2,2,0,10,10,53,3,-46
4600,5,0,3200,0,84,61,88,65,-131,-97,0,0,-59,1000,-107,-344,57,348,0,14,66,3,3,3,3,0,10,10,52,4,-44
4610,5,0,3200,0,72,58,72,54,-102,-126,0,0,-37,1000,-84,-305,36,312,0,19,47,4,4,4,4,0,10,10,51,6,-42
4620,5,0,3200,0,61,47,67,45,-131,-77,0,-8,-5,1000,-89,-228,18,283,0,24,31,6,6,6,6,0,10,11,50,6,-39
4630,5,0,3200,0,61,45,59,38,-35,-70,0,-1,41,1000,-69,-233,47,274,0,29,18,7,7,7,7,0,10,12,51,6,-38
4640,5,0,3200,0,43,27,48,29,-138,-96,0,-9,-22,1000,-89,-148,9,189,0,32,8,8,8,8,8,0,10,13,47,6,-33
4953,6,64,1813,-40,-1,-3,-1,0,6,0,19,0,14,1000,1,17,4,-6,-33,10,0,49,176,-14,-172,0,10,-3,178,19,-185
4963,6,64,1848,-97,-20,-14,-7,-6,-102,-27,87,8,-40,1000,33,48,-9,-116,-89,19,-15,97,445,-12,-432,0,10,5,200,20,-222
4973,6,64,1891,-153,-17,-31,-23,-22,-33,-110,-26,5,0,1000,-32,72,19,-148,-146,39,-115,148,717,-6,-690,0,10,7,215,28,-226
4983,6,64,1939,-210,-36,-46,-42,-41,-115,-161,-38,11,-33,1000,-33,100,-17,-279,-203,92,-236,207,997,7,-939,0,10,12,228,27,-241
4993,6,64,1988,-266,-54,-47,-57,-53,-144,-163,-51,18,2,1000,13,110,-58,-365,-260,185,-345,277,1287,31,-1178,0,10,26,236,30,-235
5003,6,64,2037,-323,-72,-64,-75,-65,-165,-183,-2,11,59,1000,3,200,-83,-439,-316,252,-435,339,1571,48,-1424,0,10,25,268,29,-247
5013,6,64,2087,-379,-91,-78,-94,-83,-205,-198,-21,4,95,1000,13,292,-115,-506,-373,338,-481,407,1859,70,-1665,0,10,31,276,30,-244
5023,6,64,2138,-436,-109,-82,-115,-96,-182,-216,-76,11,84,1000,52,311,-149,-598,-430,393,-542,467,2142,84,-1916,0,10,39,282,28,-248
5033,6,64,2188,-493,-142,-111,-132,-107,-287,-187,127,11,-8,1000,57,425,-191,-771,-487,469,-570,531,2428,103,-2160,0,10,43,291,26,-250
5043,6,64,2237,-549,-173,-130,-150,-119,-275,-150,151,14,-29,1000,104,530,-213,-904,-543,526,-570,591,2707,118,-2407,0,10,54,299,27,-256
5053,6,64,2287,-605,-193,-145,-182,-143,-213,-217,-4,14,59,1000,156,637,-205,-962,-600,568,-563,648,2984,129,-2659,0,10,67,308,30,-259
5063,6,64,2338,-662,-219,-174,-212,-162,-250,-255,54,14,185,1000,200,795,-169,-1062,-657,620,-576,707,3264,143,-2909,0,10,80,318,38,-262
5073,6,64,2388,-718,-237,-188,-235,-176,-210,-238,46,27,283,1000,287,876,-107,-1130,-713,638,-526,757,3535,147,-3167,0,10,83,325,50,-268
5083,6,64,2438,-775,-265,-215,-258,-199,-250,-229,81,34,318,1000,361,1025,-58,-1236,-770,618,-418,798,3797,143,-3435,0,10,83,335,58,-280
5093,6,64,2488,-831,-288,-247,-279,-222,-251,-210,127,35,291,1000,381,1169,-18,-1346,-827,600,-327,839,4059,139,-3702,0,10,84,345,63,-291
5103,6,64,2538,-888,-321,-287,-308,-240,-285,-237,247,33,206,1000,408,1363,12,-1489,-883,552,-168,873,4314,127,-3976,0,10,78,357,63,-315
5113,6,64,2588,-944,-365,-322,-343,-274,-386,-274,219,41,113,1000,494,1544,24,-1677,-940,476,-15,900,4562,109,-4258,0,10,75,367,63,-334
5124,6,64,2638,-1001,-345,-279,-355,-304,-141,-203,-243,22,362,1000,574,1533,16,-1408,-997,413,105,930,4813,93,-4536,0,10,70,372,62,-338
5134,6,64,2688,-1057,-376,-321,-363,-313,-268,-129,161,30,481,1000,646,1736,110,-1540,-1053,350,185,960,5064,78,-4815,0,10,71,384,76,-352
5144,6,196,2738,-1114,-445,-394,-391,-318,-515,-214,528,21,584,1000,723,2139,146,-1801,-1110,298,272,993,5318,66,-5091,0,10,70,402,79,-375
5154,6,64,2788,-1170,-463,-445,-435,-360,-336,-328,203,78,528,1000,801,2168,369,-2065,-1167,224,349,1020,5566,48,-5372,0,10,73,408,86,-392
5164,6,64,2828,-1227,-481,-495,-473,-409,-236,-310,136,99,835,1000,875,2351,575,-2178,-1224,192,347,1058,5825,40,-5642,0,10,80,415,89,-398
5174,6,64,2845,-1283,-513,-505,-504,-446,-278,-277,15,78,926,1000,937,2541,506,-2205,-1280,142,403,1092,6079,28,-5917,0,10,74,421,87,-407
5184,6,0,1895,-537,-545,-479,-523,-476,-336,-185,0,47,655,1000,959,2582,248,-2223,-477,481,483,676,2512,-22,-2260,0,10,84,89,4,-46
5194,6,64,1914,-493,-592,-510,-550,-495,-376,-158,-136,35,763,1000,1041,2834,216,-2346,-437,351,527,598,2283,-43,-2097,0,10,74,-37,14,67
5204,6,196,1951,-433,-487,-347,-587,-500,469,-268,1260,66,784,1000,1150,2148,177,-1793,-384,65,589,465,1945,-98,-1903,0,10,50,-76,0,76
5214,6,196,1996,-373,-474,-298,-598,-496,249,-85,667,58,515,1000,1158,1985,38,-1679,-331,-125,719,355,1631,-130,-1686,0,10,43,-86,-14,83
5224,6,192,2044,-314,-472,-270,-533,-442,101,363,-74,14,565,1000,1150,2060,-91,-1490,-278,-260,822,259,1331,-148,-1455,0,10,37,-89,-30,86
5234,6,192,2093,-254,-450,-246,-494,-415,163,368,-88,12,480,1000,1128,1953,-107,-1389,-225,-371,884,170,1037,-160,-1218,0,10,31,-97,-33,92
5244,6,192,2143,-194,-454,-230,-506,-407,61,106,23,26,354,1000,1170,1865,-146,-1421,-172,-470,906,83,746,-169,-977,0,10,21,-105,-37,97
5254,6,192,2193,-133,-423,-217,-503,-372,194,95,42,15,262,1000,1057,1756,-165,-1321,-118,-549,871,1,458,-173,-730,0,10,16,-113,-40,109
5264,6,192,2243,-74,-371,-174,-463,-355,381,285,192,-1,342,1000,968,1582,-175,-1055,-65,-601,822,-73,179,-170,-478,0,10,8,-124,-42,120
5274,6,64,2293,-14,-338,-151,-428,-287,366,193,174,25,-54,1000,884,1287,-183,-1073,-13,-647,835,-146,-96,-165,-226,0,10,0,-139,-46,95
5284,6,64,2343,0,-358,-168,-387,-217,17,226,0,11,98,1000,914,1448,-186,-1092,0,-719,835,-179,-179,-179,-179,0,10,-100,-138,-48,-18
5294,6,64,2393,0,-339,-184,-337,-210,127,384,0,7,-205,1000,737,1359,-204,-1153,0,-754,780,-188,-188,-188,-188,0,10,-102,-146,-55,-21
5304,6,0,2443,0,-293,-146,-329,-198,315,172,0,12,-445,1000,577,1035,-286,-1080,0,-712,560,-178,-178,-178,-178,0,10,-63,-105,-22,10
5314,6,0,2493,0,-259,-161,-303,-158,320,147,0,3,-347,1000,363,938,-266,-1070,0,-555,170,-138,-138,-138,-138,0,10,-26,-78,-4,41
5324,6,0,2543,0,-264,-142,-252,-144,99,345,0,3,88,1000,433,924,-304,-1026,0,-370,-187,-92,-92,-92,-92,0,10,-5,-54,18,66
5334,6,0,2593,0,-250,-110,-240,-150,139,227,0,29,150,1000,492,735,-301,-1003,0,-241,-323,-60,-60,-60,-60,0,10,-9,-47,20,62
5344,6,0,2643,0,-214,-118,-238,-129,285,88,0,13,122,1000,353,716,-227,-879,0,-240,-264,-60,-60,-60,-60,0,10,-20,-59,2,43
5354,6,0,2693,0,-202,-123,-206,-120,208,222,0,-4,64,1000,281,750,-226,-808,0,-272,-176,-68,-68,-68,-68,0,10,-32,-71,-9,31
5364,6,0,2743,0,-188,-104,-166,-114,163,345,0,7,-19,1000,281,621,-230,-783,0,-249,-184,-62,-62,-62,-62,0,10,-22,-59,0,38
5374,6,0,2793,0,-174,-102,-156,-108,168,221,0,12,1,1000,242,558,-201,-762,0,-205,-253,-51,-51,-51,-51,0,10,0,-40,16,59
5384,6,0,2843,0,-156,-88,-157,-98,178,98,0,9,65,1000,216,492,-197,-676,0,-152,-307,-38,-38,-38,-38,0,10,3,-34,19,60
5394,6,0,2894,0,-127,-77,-134,-83,236,171,0,4,94,1000,162,421,-156,-554,0,-132,-289,-33,-33,-33,-33,0,10,-6,-39,8,44
5404,6,0,2944,0,-108,-80,-107,-75,206,222,0,3,113,1000,124,408,-84,-483,0,-140,-218,-35,-35,-35,-35,0,10,-20,-52,-7,26
5414,6,0,2994,0,-109,-79,-92,-74,77,190,0,-4,-17,1000,97,416,-122,-485,0,-164,-147,-41,-41,-41,-41,0,10,-22,-54,-8,26
5424,6,0,3044,0,-98,-72,-86,-70,97,135,0,-3,-100,1000,64,353,-130,-456,0,-164,-132,-41,-41,-41,-41,0,10,-10,-43,0,36
5434,6,0,3094,0,-75,-53,-76,-59,154,115,0,0,117,1000,98,300,-58,-311,0,-152,-135,-38,-38,-38,-38,0,10,-8,-38,2,32
5444,6,0,3144,0,-61,-46,-62,-49,145,132,0,9,94,1000,96,226,-16,-282,0,-153,-112,-38,-38,-38,-38,0,10,-8,-36,0,30
5455,6,0,3177,0,-47,-44,-50,-38,160,122,0,3,8,1000,36,191,-14,-238,0,-159,-74,-39,-39,-39,-39,0,10,-20,-46,-10,15
6543,7,64,1803,-34,-44,-36,-42,-39,-3,9,-12,5,34,1000,81,195,14,-183,-42,21,40,17,186,24,-169,0,21,-159,71,160,-59
6553,7,64,1829,21,-23,-46,-38,-38,122,8,130,10,-5,1000,7,149,91,-163,-96,13,49,-238,179,280,-122,0,21,-184,63,180,-53
6563,7,64,1869,78,-6,-58,-28,-47,134,24,114,-5,-15,1000,-97,174,119,-110,-151,7,49,-501,173,543,-73,0,21,-218,70,199,-37
6573,7,64,1915,136,6,-81,-4,-67,132,127,49,-14,-110,1000,-222,194,154,-128,-206,11,35,-764,169,811,-21,0,21,-251,74,217,-35
6583,7,64,1963,193,33,-86,25,-77,215,211,19,-8,-60,1000,-287,131,249,-69,-262,24,7,-1024,168,1081,33,0,21,-259,65,232,-20
6593,7,64,2013,251,38,-79,47,-87,118,223,-138,-1,83,1000,-241,117,292,-26,-318,35,-12,-1285,165,1350,86,0,21,-262,64,239,-9
6603,7,64,2062,308,58,-94,69,-97,171,237,-55,-9,33,1000,-353,114,346,7,-373,31,-3,-1550,160,1616,137,0,21,-271,63,246,0
6613,7,64,2112,366,89,-100,86,-105,263,203,37,-18,-43,1000,-481,66,400,88,-429,13,28,-1818,150,1879,183,0,21,-280,54,251,16
6623,7,64,2162,424,112,-115,107,-113,242,203,47,-18,-76,1000,-577,45,481,116,-484,3,41,-2084,143,2143,232,0,21,-288,49,257,22
6633,7,64,2212,481,150,-140,137,-128,321,246,113,-18,-13,1000,-706,36,650,194,-540,-11,62,-2351,135,2406,279,0,21,-298,47,266,37
6643,7,64,2262,539,180,-152,170,-146,312,274,42,-18,64,1000,-796,9,766,266,-595,-6,45,-2613,131,2674,332,0,21,-306,43,275,39
6653,7,64,2313,597,205,-171,196,-165,264,246,32,-26,76,1000,-920,12,847,313,-651,1,23,-2875,128,2943,385,0,21,-315,45,284,40
6663,7,64,2363,654,242,-193,228,-182,333,269,79,-29,8,1000,-1095,-42,955,358,-707,15,-4,-3135,127,3213,439,0,21,-326,35,294,40
6673,7,64,2413,712,256,-193,257,-207,201,263,-130,-25,73,1000,-1103,-61,1021,408,-762,1,20,-3402,118,3476,487,0,21,-331,31,299,39
6683,7,64,2463,769,296,-241,275,-221,338,195,225,-41,39,1000,-1346,-12,1180,452,-818,0,20,-3666,113,3743,538,0,21,-344,42,309,42
6693,7,64,2513,827,337,-246,301,-238,394,192,154,-25,153,1000,-1400,-105,1360,548,-873,-5,28,-3932,107,4009,588,0,21,-351,22,319,40
6703,7,64,2563,885,381,-279,345,-270,423,276,122,-39,-25,1000,-1658,-137,1466,598,-929,-17,45,-4198,99,4272,636,0,21,-365,15,326,39
6713,7,64,2613,942,415,-318,388,-300,359,299,98,-48,-151,1000,-1874,-136,1582,599,-984,-17,39,-4461,94,4539,687,0,21,-378,15,335,40
6723,7,64,2663,1000,416,-327,417,-323,103,257,-168,-17,142,1000,-1771,-137,1737,575,-1040,0,-30,-4720,94,4810,742,0,21,-379,18,351,45
6733,7,64,2713,1058,460,-362,442,-340,330,247,137,-34,53,1000,-2037,-162,1839,622,-1096,30,-114,-4977,96,5084,801,0,21,-393,15,363,48
6744,7,196,2763,1115,538,-437,475,-363,601,254,521,-37,38,1000,-2408,-167,2187,696,-1151,74,-119,-5229,103,5362,863,0,21,-411,15,378,49
6754,7,196,2813,1173,610,-488,498,-392,636,239,458,-47,-127,1000,-2767,-234,2407,766,-1207,87,-135,-5489,101,5632,917,0,21,-428,12,395,51
6764,7,64,2847,1230,603,-472,533,-429,305,233,5,-47,162,1000,-2653,-190,2418,846,-1262,106,-161,-5748,101,5904,973,0,21,-425,15,396,53
6774,7,64,2862,1288,651,-501,583,-459,333,293,-17,-72,-50,1000,-2946,-225,2487,924,-1318,127,-156,-6009,101,6178,1030,0,21,-435,13,398,52
6784,7,64,2867,1346,657,-519,652,-508,222,472,-253,-73,-332,1000,-3063,-257,2479,846,-1374,135,-125,-6271,98,6447,1083,0,21,-439,8,397,51
6794,7,64,2869,1404,704,-582,679,-514,332,298,253,-7,164,1000,-3054,-272,3012,821,-1429,135,-175,-6534,94,6713,1134,0,21,-439,7,416,56
6804,7,192,2870,1461,764,-610,661,-550,434,-6,319,84,1181,1000,-2825,-319,3703,992,-1484,173,-175,-6786,98,6988,1194,0,21,-431,9,433,57
6814,7,196,1916,728,728,-555,734,-551,-30,377,499,24,1042,1000,-2795,-266,3293,1079,-569,-153,-225,-3116,-411,3020,860,0,21,50,-51,-19,85
6824,7,196,1950,665,638,-394,756,-619,-604,287,1673,3,712,1000,-2307,-400,2626,1162,-520,54,16,-2797,-327,2808,834,0,21,72,-39,-40,72
6834,7,196,1993,602,591,-309,752,-577,-493,91,978,40,794,1000,-1893,-539,2449,1163,-471,100,110,-2519,-283,2554,768,0,21,91,-49,-86,43
6844,7,192,2040,539,582,-323,706,-523,-242,-243,-32,4,252,1000,-2092,-510,2256,1071,-421,-6,184,-2279,-277,2263,663,0,21,87,-57,-100,37
6854,7,192,2089,475,570,-347,660,-518,-179,-357,-250,-16,-226,1000,-2246,-471,2138,942,-372,-72,278,-2029,-262,1981,569,0,21,84,-64,-109,35
6864,7,196,2139,412,467,-302,661,-529,-677,-113,647,-24,-588,1000,-2009,-431,1650,646,-323,-51,174,-1758,-224,1722,496,0,21,102,-54,-103,50
6874,7,192,2188,349,472,-260,653,-478,-227,-100,115,4,-150,1000,-1778,-510,1741,783,-273,-45,154,-1490,-190,1458,420,0,21,115,-54,-122,36
6884,7,192,2238,286,471,-265,625,-456,-124,-213,-146,-57,-324,1000,-1960,-386,1552,858,-224,-56,150,-1226,-160,1191,340,0,21,114,-48,-126,40
6894,7,192,2288,223,457,-225,593,-446,-57,-271,-138,-39,-65,1000,-1736,-419,1542,933,-175,-86,183,-967,-136,918,254,0,21,127,-43,-136,34
6904,7,192,2338,160,444,-210,566,-404,-116,-262,-213,-12,39,1000,-1603,-481,1554,876,-125,-66,118,-695,-98,658,181,0,21,137,-39,-139,32
6914,7,192,2389,97,438,-213,543,-382,-107,-241,-201,-44,-201,1000,-1714,-431,1411,871,-76,-91,148,-435,-72,387,97,0,21,138,-38,-148,23
6924,7,64,2439,34,386,-175,507,-351,-302,-179,152,-21,119,1000,-1371,-379,1336,833,-27,-100,143,-171,-42,120,17,0,21,154,-34,-162,14
6934,7,0,2489,0,355,-167,455,-275,-291,-181,0,-15,151,1000,-1255,-333,1265,754,0,-105,129,-26,-26,-26,-26,0,21,55,3,-70,-33
6944,7,0,2539,0,327,-160,395,-212,-272,-281,0,-38,-98,1000,-1266,-281,1073,683,0,-129,165,-32,-32,-32,-32,0,21,36,-11,-81,-47
6954,7,0,2589,0,339,-200,345,-199,-37,-344,0,-16,-173,1000,-1354,-296,1223,566,0,-131,133,-32,-32,-32,-32,0,21,68,2,-71,-21
6964,7,0,2639,0,323,-169,317,-191,-91,-292,0,-5,-24,1000,-1223,-353,1142,566,0,-125,6,-31,-31,-31,-31,0,21,69,9,-63,-19
6974,7,0,2689,0,285,-151,301,-159,-245,-193,0,-8,51,1000,-1092,-297,1005,504,0,-63,-67,-15,-15,-15,-15,0,21,71,15,-53,-10
6984,7,0,2739,0,259,-144,281,-149,-234,-164,0,-20,95,1000,-1027,-216,904,481,0,-23,-82,-5,-5,-5,-5,0,21,61,8,-57,-15
6994,7,0,2789,0,253,-144,254,-139,-125,-210,0,-29,-3,1000,-1044,-196,855,467,0,-22,-43,-5,-5,-5,-5,0,21,53,1,-65,-24
7004,7,0,2839,0,224,-112,228,-122,-247,-232,0,-7,46,1000,-832,-233,787,423,0,-38,-1,-9,-9,-9,-9,0,21,45,0,-61,-27
7014,7,0,2889,0,209,-100,213,-111,-177,-175,0,-6,3,1000,-782,-244,710,391,0,-52,-15,-13,-13,-13,-13,0,21,53,9,-50,-17
7024,7,0,2939,0,197,-103,197,-88,-141,-159,0,-15,12,1000,-777,-189,664,366,0,-43,-41,-10,-10,-10,-10,0,21,55,9,-49,-14
7034,7,0,2989,0,175,-85,189,-94,-190,-96,0,-10,62,1000,-660,-181,593,344,0,-30,-41,-7,-7,-7,-7,0,21,48,7,-48,-17
7044,7,0,3039,0,150,-78,160,-73,-232,-195,0,0,93,1000,-550,-157,553,276,0,-26,-41,-6,-6,-6,-6,0,21,46,6,-45,-14
7054,7,0,3089,0,146,-72,133,-63,-124,-248,0,0,65,1000,-522,-158,533,275,0,-46,-2,-11,-11,-11,-11,0,21,42,4,-47,-18
7064,7,0,3139,0,129,-49,122,-58,-159,-180,0,-3,-22,1000,-452,-176,419,270,0,-68,38,-17,-17,-17,-17,0,21,35,2,-45,-22
7075,7,0,3175,0,104,-38,107,-36,-210,-164,0,1,76,1000,-330,-133,366,236,0,-67,29,-16,-16,-16,-16,0,21,31,2,-41,-21
7085,7,0,3190,0,102,-38,90,-30,-98,-181,0,-7,-18,1000,-368,-131,312,223,0,-63,19,-15,-15,-15,-15,0,21,32,2,-41,-20
7095,7,0,3196,0,73,-17,79,-23,-243,-147,0,-4,-11,1000,-244,-120,202,177,0,-60,9,-15,-15,-15,-15,0,21,26,2,-36,-20
7105,7,0,3198,0,63,-18,67,-13,-155,-125,0,0,38,1000,-203,-96,200,146,0,-51,-7,-12,-12,-12,-12,0,21,27,2,-34,-17
7115,7,0,3199,0,47,-24,50,-10,-150,-140,0,0,9,1000,-182,-62,165,74,0,-34,-36,-8,-8,-8,-8,0,21,28,2,-32,-12
7428,8,64,1813,-41,-3,-2,0,1,-19,4,-8,0,66,1000,24,29,14,-1,41,1,-2,193,0,-196,-32,0,21,190,-15,-169,6
7438,8,64,1848,-98,-37,32,-9,10,-226,-33,244,4,87,1000,194,24,-133,-28,98,1,-2,456,0,-462,-79,0,21,241,-18,-208,-2
7448,8,64,1891,-154,-38,40,-33,32,-99,-136,-27,8,2,1000,213,-13,-154,-32,155,-24,49,712,-6,-736,-131,0,21,248,-30,-225,-13
7458,8,64,1939,-211,-46,45,-56,54,-88,-198,-155,-7,-92,1000,211,35,-224,-12,211,-48,144,969,-12,-1008,-184,0,21,248,-25,-240,-17
7468,8,64,1988,-267,-65,64,-73,69,-155,-194,-43,-1,-53,1000,336,44,-274,-17,268,-107,199,1217,-27,-1290,-245,0,21,251,-26,-247,-22
7478,8,64,2038,-324,-94,80,-91,85,-238,-191,19,-9,-173,1000,400,66,-425,-75,324,-142,212,1471,-36,-1566,-300,0,21,260,-24,-257,-32
7488,8,64,2087,-381,-125,104,-118,101,-258,-230,41,-7,-97,1000,553,97,-531,-96,381,-162,213,1729,-41,-1837,-351,0,21,272,-17,-266,-33
7498,8,64,2137,-437,-149,114,-150,117,-259,-283,-33,2,-43,1000,668,114,-578,-158,438,-170,190,1990,-43,-2106,-400,0,21,283,-14,-273,-43
7508,8,64,2187,-494,-175,132,-177,134,-261,-272,-7,2,-183,1000,735,95,-722,-232,494,-175,177,2251,-44,-2374,-447,0,21,287,-21,-283,-54
7518,8,64,2237,-550,-221,187,-195,156,-364,-184,277,10,-67,1000,1003,75,-920,-250,551,-181,141,2512,-46,-2643,-495,0,21,304,-24,-295,-54
7528,8,64,2288,-607,-242,191,-214,167,-265,-145,163,-4,-205,1000,992,103,-1060,-314,608,-179,96,2778,-45,-2911,-542,0,21,309,-20,-305,-54
7538,8,64,2328,-664,-305,264,-257,212,-468,-238,351,-6,-308,1000,1269,56,-1417,-370,664,-164,80,3044,-41,-3174,-584,0,21,320,-30,-319,-57
7548,8,196,2344,-720,-374,326,-288,228,-560,-260,476,-25,-488,1000,1490,72,-1817,-444,721,-166,80,3305,-42,-3440,-631,0,21,327,-28,-333,-59
7558,8,64,2351,-777,-348,274,-312,257,-79,-197,-262,-9,-398,1000,1375,117,-1573,-488,777,-170,75,3567,-43,-3708,-678,0,21,321,-19,-325,-57
7568,8,64,2354,-834,-384,300,-350,267,-280,-254,61,-6,-428,1000,1506,110,-1732,-564,834,-141,16,3837,-35,-3967,-717,0,21,328,-20,-330,-56
7578,8,64,2355,-890,-406,341,-402,305,-217,-373,-52,-2,-316,1000,1674,74,-1851,-535,890,-123,-18,4104,-31,-4229,-759,0,21,335,-25,-335,-57
7588,8,64,2355,-947,-423,343,-431,340,-235,-339,-154,0,-357,1000,1706,77,-1916,-610,947,-86,-79,4376,-22,-4487,-796,0,21,338,-23,-335,-55
7598,8,64,2355,-1003,-458,378,-446,347,-287,-204,171,4,-326,1000,1876,66,-2074,-649,1004,-59,-115,4646,-15,-4747,-836,0,21,344,-23,-338,-55
7608,8,64,2356,-1060,-487,408,-488,393,-303,-338,-21,43,-29,1000,2160,32,-2051,-687,1060,-29,-153,4916,-7,-5007,-874,0,21,352,-30,-336,-54
7618,8,64,2356,-1117,-437,320,-504,403,222,-273,-849,96,180,1000,2019,42,-1542,-782,1117,-15,-156,5182,-4,-5270,-917,0,21,348,-31,-316,-51
7628,8,64,2356,-1173,-523,402,-503,384,-384,-116,379,47,-141,1000,2226,94,-2138,-832,1173,-6,-148,5447,-1,-5535,-961,0,21,355,-17,-336,-52
7638,8,64,1546,-537,-548,425,-519,416,-304,-109,-180,78,-21,1000,2445,59,-2135,-883,415,-100,-112,2237,262,-2271,-698,0,21,-29,59,34,-59
7648,8,196,1570,-482,-554,388,-560,452,-123,-274,438,53,-3,1000,2365,253,-2097,-888,372,-14,-18,2025,254,-2018,-607,0,21,-36,53,31,-64
7658,8,196,1610,-418,-467,245,-581,445,462,-206,1117,42,-265,1000,1777,357,-1636,-959,323,-78,22,1743,204,-1770,-544,0,21,-59,41,46,-56
7668,8,192,1655,-355,-481,232,-558,397,80,83,75,31,-492,1000,1701,383,-1734,-1063,274,-61,-13,1481,174,-1501,-460,0,21,-67,37,52,-53
7678,8,192,1704,-292,-448,274,-514,383,253,292,-190,-2,-134,1000,1702,374,-1756,-737,225,-46,-38,1218,144,-1232,-377,0,21,-72,45,58,-54
7688,8,192,1753,-228,-437,286,-491,387,130,230,-166,-23,80,1000,1699,423,-1756,-589,176,-38,-47,953,112,-966,-296,0,21,-77,47,64,-52
7698,8,192,1803,-165,-446,229,-493,339,-12,82,-107,31,153,1000,1723,431,-1517,-847,128,-15,-159,692,84,-695,-211,0,21,-81,42,87,-41
7708,8,192,1853,-102,-407,201,-495,308,224,26,181,5,-234,1000,1399,362,-1533,-851,79,45,-209,441,65,-416,-116,0,21,-96,40,97,-32
7718,8,196,1903,-38,-351,141,-486,334,467,83,617,-24,-700,1000,957,336,-1442,-855,30,64,-178,180,36,-146,-32,0,21,-116,30,99,-29
7729,8,128,1953,0,-356,140,-448,304,128,281,0,-37,-663,1000,951,392,-1471,-832,0,73,-170,18,18,18,18,0,21,-53,-9,64,33
7739,8,128,2003,0,-350,157,-398,273,54,397,0,-8,-415,1000,1096,335,-1360,-779,0,79,-151,19,19,19,19,0,21,-66,-15,56,20
7749,8,0,2053,0,-348,215,-369,249,29,295,0,-16,-82,1000,1271,293,-1429,-562,0,90,-151,22,22,22,22,0,21,-67,0,73,21
7759,8,0,2103,0,-321,194,-355,224,162,148,0,12,-113,1000,1210,202,-1250,-600,0,102,-151,25,25,25,25,0,21,-61,1,71,22
7769,8,0,2153,0,-284,169,-334,215,268,106,0,-2,-235,1000,1003,188,-1167,-538,0,110,-129,27,27,27,27,0,21,-59,-1,62,18
7779,8,0,2203,0,-272,160,-280,200,167,317,0,1,-39,1000,1010,216,-1056,-483,0,113,-129,28,28,28,28,0,21,-53,2,65,23
7789,8,0,2253,0,-263,150,-247,177,149,343,0,1,-52,1000,985,237,-996,-456,0,73,-42,18,18,18,18,0,21,-58,-3,61,18
7799,8,0,2303,0,-240,142,-259,166,199,61,0,6,-89,1000,930,201,-899,-408,0,28,40,7,7,7,7,0,21,-61,-7,54,11
7809,8,0,2353,0,-207,135,-241,139,264,78,0,0,-244,1000,781,125,-857,-352,0,13,62,3,3,3,3,0,21,-60,-7,50,6
7819,8,0,2403,0,-205,141,-196,129,111,280,0,6,-169,1000,809,100,-834,-337,0,24,33,6,6,6,6,0,21,-60,-4,53,7
7829,8,0,2453,0,-195,133,-184,133,110,204,0,0,-161,1000,752,104,-810,-316,0,36,8,9,9,9,9,0,21,-58,-3,53,8
7839,8,0,2503,0,-172,128,-179,121,174,110,0,9,-39,1000,721,62,-704,-266,0,58,-32,14,14,14,14,0,21,-53,1,54,10
7849,8,0,2553,0,-156,123,-157,116,173,177,0,4,-5,1000,658,52,-664,-216,0,73,-54,18,18,18,18,0,21,-49,4,54,11
7859,8,0,2603,0,-141,107,-134,104,149,206,0,-8,-108,1000,540,66,-641,-195,0,62,-26,15,15,15,15,0,21,-48,2,50,10
7869,8,0,2653,0,-132,101,-126,95,115,143,0,3,-4,1000,566,66,-543,-173,0,43,11,10,10,10,10,0,21,-49,0,48,7
7879,8,0,2703,0,-113,79,-117,88,166,116,0,2,-84,1000,442,52,-473,-188,0,55,-12,13,13,13,13,0,21,-43,0,45,9
7889,8,0,2753,0,-104,79,-101,76,124,143,0,-1,-58,1000,413,41,-460,-150,0,64,-26,16,16,16,16,0,21,-42,2,45,10
7899,8,0,2803,0,-95,70,-86,65,90,154,0,0,-44,1000,383,47,-402,-140,0,54,-4,13,13,13,13,0,21,-41,1,43,9
7909,8,0,2853,0,-80,74,-77,58,142,132,0,9,-26,1000,380,-14,-346,-102,0,47,9,11,11,11,11,0,21,-42,2,42,5
7919,8,0,2903,0,-67,47,-66,49,120,114,0,2,-127,1000,256,16,-286,-122,0,34,33,8,8,8,8,0,21,-38,-1,36,6
7929,8,0,2954,0,-49,32,-55,39,155,109,0,4,-24,1000,222,45,-165,-66,0,11,89,2,2,2,2,0,21,-53,-17,17,-12
8589,9,0,1800,-47,-49,16,-53,13,59,34,0,-4,-27,1000,113,45,-210,-140,13,-143,-151,119,45,-178,-140,0,22,-63,-23,63,21
8599,9,0,1819,0,-40,6,-49,13,103,29,91,0,-14,1000,77,38,-156,-139,0,6,-159,1,1,1,1,0,22,44,37,46,54
8609,9,0,1856,0,-4,11,-31,10,196,74,0,-10,48,1000,-13,-17,-88,6,0,357,-150,89,89,89,89,0,22,119,106,98,122
8619,9,0,1901,0,-26,28,-9,10,-27,165,0,0,220,1000,184,51,-69,37,0,907,8,226,226,226,226,0,22,193,179,166,204
8629,9,0,1949,0,-25,14,-1,13,-5,141,0,-9,115,1000,266,240,74,171,0,1652,651,413,413,413,413,0,22,236,212,199,247
8639,9,0,1998,0,-1,12,-11,18,147,13,0,-10,-31,1000,393,388,329,433,0,2452,1587,613,613,613,613,0,22,245,220,202,250
8649,9,0,2048,0,11,41,-8,22,126,-8,0,-3,48,1000,716,557,593,791,0,3259,2646,814,814,814,814,0,22,245,229,209,247
8659,9,0,2098,0,17,45,5,31,77,41,0,-12,358,1000,1044,913,934,1196,0,4060,3770,1015,1015,1015,1015,0,22,246,233,211,247
8669,9,0,2148,0,43,81,22,37,234,85,0,-13,264,1000,1296,1026,1162,1591,0,4860,4884,1215,1215,1215,1215,0,22,245,243,215,239
8679,9,0,2197,0,-9,17,-2,39,-120,-98,0,-46,1572,1000,1575,1710,1436,1720,0,5655,4884,1413,1413,1413,1413,0,22,272,250,234,279
8689,9,0,2247,0,-2,65,-24,41,-24,-205,0,-14,1677,1000,2019,1803,1719,2065,0,6457,5990,1614,1614,1614,1614,0,22,266,258,241,271
8699,9,0,2297,0,36,69,0,50,191,-27,0,-53,2123,1000,2193,2160,2065,2622,0,7256,6979,1814,1814,1814,1814,0,22,272,266,241,267
8709,9,0,2348,0,12,62,9,65,-18,2,0,10,2240,1000,2653,2343,2451,2675,0,8057,7937,2014,2014,2014,2014,0,22,272,267,246,273
8720,9,0,2398,0,67,55,8,60,365,-88,0,-5,1666,1000,2557,2373,2663,2951,0,8857,8927,2214,2214,2214,2214,0,22,281,275,242,268
8730,9,0,2448,0,-8,-3,-2,17,-213,-136,0,19,1372,1000,2859,2784,2840,2731,0,9660,9838,2415,2415,2415,2415,0,22,283,263,246,289
8740,9,0,2498,0,-26,99,-13,39,-90,-74,0,66,1685,1000,3495,2753,2957,3064,0,10458,10671,2614,2614,2614,2614,0,22,271,280,268,281
8750,9,0,2548,0,33,121,2,70,300,0,0,127,1984,1000,3775,2681,3468,3412,0,11258,11460,2814,2814,2814,2814,0,22,281,296,271,276
8760,9,64,1509,16,-9,79,8,85,-132,-31,280,86,1760,1000,3861,3118,3502,3441,89,12192,12233,3175,2798,2874,3264,0,22,44,291,249,7
8770,9,64,1539,2,-38,24,-15,83,-255,-199,511,74,1456,1000,3923,3457,3646,3391,14,11963,12984,3011,2951,2963,3025,0,22,30,245,211,1
8780,9,0,1581,0,-29,-112,-30,35,-73,-208,0,32,664,1000,3427,3743,3766,3125,0,11534,13298,2883,2883,2883,2883,0,22,14,22,10,25
8790,9,64,1627,0,2,-121,-31,-46,153,-121,0,-26,-460,1000,2892,3532,3414,3020,0,10905,13210,2726,2726,2726,2726,0,22,-14,-1,-20,-11
8800,9,64,1676,0,-25,-28,-44,-40,-139,-148,0,-21,-182,1000,3109,3320,3092,3059,0,10118,12737,2529,2529,2529,2529,0,22,-25,11,-3,-16
8810,9,64,1726,0,-41,-2,-62,-7,-153,-193,0,18,17,1000,3159,3070,2966,2855,0,9317,12030,2329,2329,2329,2329,0,22,-29,11,0,-19
8820,9,64,1776,0,-139,5,-71,-36,-676,-57,0,-3,-478,1000,3093,3032,2358,2346,0,8514,11313,2128,2128,2128,2128,0,22,-36,6,6,-10
8830,9,64,1825,0,-111,37,-81,-25,-94,29,0,-9,-435,1000,2903,2746,2171,2332,0,7717,10620,1929,1929,1929,1929,0,22,-47,2,-1,-25
8840,9,64,1875,0,-78,0,-95,29,130,-95,0,-28,-104,1000,2616,2718,2210,2312,0,6917,9960,1729,1729,1729,1729,0,22,-61,-15,-24,-42
8850,9,64,1925,0,-98,14,-119,24,-48,-230,0,-10,50,1000,2617,2566,2050,2122,0,6117,9317,1529,1529,1529,1529,0,22,-66,-18,-24,-46
8860,9,64,1975,0,-47,11,-111,-10,303,-95,0,55,218,1000,2462,2138,2191,1968,0,5316,8551,1329,1329,1329,1329,0,22,-76,-32,-40,-68
8870,9,64,2025,0,-87,15,-71,-1,-141,148,0,0,-48,1000,2218,2115,1709,1739,0,4517,7844,1129,1129,1129,1129,0,22,-88,-39,-47,-71
8880,9,64,2075,0,-93,24,-81,12,-73,23,0,8,18,1000,2104,1926,1527,1558,0,3717,7119,929,929,929,929,0,22,-97,-46,-53,-80
8890,9,64,2126,0,-76,17,-100,15,85,-118,0,13,435,1000,1954,1791,1496,1483,0,2909,6305,727,727,727,727,0,22,-106,-57,-65,-92
8900,9,64,2176,0,-40,-3,-87,4,222,-48,0,-4,195,1000,1529,1550,1336,1327,0,2109,5544,527,527,527,527,0,22,-125,-76,-89,-114
8910,9,64,2226,0,-61,-6,-64,-17,-33,80,0,4,-649,1000,1388,1374,1106,1033,0,1323,5544,330,330,330,330,0,22,-134,-85,-97,-122
8920,9,64,2276,0,-57,-2,-47,-13,37,152,0,1,-555,1000,1200,1185,920,880,0,684,4738,171,171,171,171,0,22,-145,-96,-106,-133
8930,9,64,2326,0,-55,-3,-49,-3,1,61,0,0,-332,1000,1020,1014,749,717,0,244,3830,61,61,61,61,0,22,-156,-111,-115,-144
8940,9,64,2376,0,-61,-5,-61,-3,-33,-46,0,9,-289,1000,832,791,549,456,0,5,2912,1,1,1,1,0,22,-167,-130,-121,-154
8950,9,0,2426,0,-40,-23,-48,-12,101,52,0,0,-340,1000,477,560,373,254,0,0,1985,0,0,0,0,0,22,-132,-108,-99,-122
8960,9,0,2476,0,-41,-24,-29,-20,31,138,0,-1,-95,1000,303,400,197,84,0,0,1059,0,0,0,0,0,22,-113,-94,-84,-103
9273,10,0,1810,0,1,9,1,-3,18,3,0,3,-20,1000,-133,-187,-162,-138,0,-739,-591,-184,-184,-184,-184,0,22,-89,-84,-67,-93
9283,10,0,1843,0,-4,-8,0,-2,-21,-7,0,8,-287,1000,-196,-200,-177,-255,0,-1029,-549,-257,-257,-257,-257,0,22,-140,-132,-112,-143
9293,10,0,1887,0,-7,-7,-3,-5,-37,-19,0,10,-389,1000,-266,-283,-269,-352,0,-1520,-787,-380,-380,-380,-380,0,22,-190,-173,-153,-192
9303,10,0,1934,0,-8,-12,-4,-9,-29,-6,0,26,-318,1000,-370,-442,-352,-527,0,-2210,-1384,-552,-552,-552,-552,0,22,-237,-214,-193,-239
9313,10,0,1983,0,-6,-30,-5,-18,20,-4,0,27,-457,1000,-644,-644,-535,-796,0,-3011,-2189,-752,-752,-752,-752,0,22,-246,-227,-207,-248
9323,10,0,2033,0,-2,-21,-8,-23,14,-35,0,1,-578,1000,-976,-896,-900,-1000,0,-3811,-3212,-952,-952,-952,-952,0,22,-250,-229,-210,-252
9333,10,0,2082,0,-17,-26,-16,-24,-72,-68,0,7,-734,1000,-1248,-1175,-1221,-1378,0,-4612,-4313,-1153,-1153,-1153,-1153,0,22,-252,-234,-212,-250
9343,10,0,2132,0,-13,-53,-11,-21,-5,17,0,42,-1093,1000,-1592,-1564,-1419,-1851,0,-5412,-5381,-1353,-1353,-1353,-1353,0,22,-249,-240,-219,-248
9353,10,0,2182,0,-2,-66,8,-35,91,136,0,14,-963,1000,-1934,-1717,-1660,-2010,0,-6212,-6417,-1553,-1553,-1553,-1553,0,22,-248,-244,-225,-249
9363,10,0,2232,0,8,-70,8,-57,108,18,0,59,-593,1000,-2035,-2007,-1670,-2241,0,-7013,-7423,-1753,-1753,-1753,-1753,0,22,-248,-247,-231,-251
9374,10,0,2283,0,9,-40,-21,-65,39,-233,0,23,-854,1000,-2356,-2285,-2126,-2401,0,-7817,-8350,-1954,-1954,-1954,-1954,0,22,-255,-248,-232,-258
9384,10,0,2332,0,26,-44,-22,-41,74,-196,0,3,-1299,1000,-2780,-2596,-2453,-2648,0,-8613,-9216,-2153,-2153,-2153,-2153,0,22,-257,-252,-240,-264
9394,10,0,2383,0,7,-84,9,-34,-108,42,0,21,-1341,1000,-2988,-2726,-2583,-3041,0,-9414,-10071,-2353,-2353,-2353,-2353,0,22,-259,-266,-250,-260
9404,10,0,2433,0,-39,-70,6,-61,-288,20,0,2,-1242,1000,-3067,-2793,-2966,-3295,0,-10221,-10941,-2555,-2555,-2555,-2555,0,22,-271,-275,-249,-260
9414,10,0,2483,0,-78,44,-33,-62,-340,-184,0,48,-800,1000,-2732,-3176,-3305,-3366,0,-11021,-11739,-2755,-2755,-2755,-2755,0,22,-299,-270,-236,-277
9424,10,0,2533,0,-33,-20,-41,-37,115,-133,0,31,-2167,1000,-3357,-3425,-3430,-3675,0,-11816,-11739,-2954,-2954,-2954,-2954,0,22,-308,-295,-270,-296
9434,10,64,1530,-5,-29,-47,-39,-25,61,-81,-89,-7,-2236,1000,-3688,-3463,-3641,-3820,-4,-12328,-12417,-3077,-3058,-3082,-3105,0,22,-145,-285,-163,-18
9444,10,0,1565,0,-6,0,-30,-34,113,-53,0,-18,-1035,1000,-3564,-3475,-3598,-3518,0,-12039,-13121,-3009,-3009,-3009,-3009,0,22,-55,-85,-66,-49
9454,10,64,1608,0,-73,-46,-43,-6,-312,-92,0,-74,-123,1000,-3457,-2945,-3659,-3543,0,-11550,-13524,-2887,-2887,-2887,-2887,0,22,-20,-65,-37,0
9464,10,64,1656,0,-74,-35,-62,-11,-163,-131,0,-45,418,1000,-3197,-2864,-3441,-3411,0,-10861,-13364,-2715,-2715,-2715,-2715,0,22,-9,-51,-26,9
9474,10,64,1705,0,-64,-22,-70,-45,-14,-122,0,-11,188,1000,-3070,-2945,-3305,-3371,0,-10060,-12900,-2515,-2515,-2515,-2515,0,22,1,-40,-15,16
9484,10,64,1755,0,-73,-4,-62,-20,-58,-19,0,5,231,1000,-2818,-2855,-3170,-3241,0,-9260,-12319,-2315,-2315,-2315,-2315,0,22,11,-29,-1,25
9494,10,64,1804,0,-56,-10,-66,-21,131,-34,0,-7,46,1000,-2790,-2730,-3032,-3065,0,-8460,-11673,-2115,-2115,-2115,-2115,0,22,24,-18,6,35
9504,10,64,1855,0,-66,14,-77,-19,-40,-130,0,5,118,1000,-2515,-2623,-2910,-2899,0,-7656,-11054,-1914,-1914,-1914,-1914,0,23,34,-5,21,46
9514,10,64,1904,0,-53,4,-81,0,67,-115,0,-6,114,1000,-2430,-2440,-2728,-2696,0,-6858,-10404,-1714,-1714,-1714,-1714,0,23,47,5,30,57
9524,10,64,1954,0,-38,23,-73,-2,143,-37,0,-28,123,1000,-2310,-2292,-2615,-2397,0,-6058,-9716,-1514,-1514,-1514,-1514,0,23,63,24,45,71
9534,10,64,2005,0,-30,-10,-66,-5,163,-30,0,12,-149,1000,-2198,-2224,-2306,-2418,0,-5257,-9006,-1314,-1314,-1314,-1314,0,23,72,23,47,76
9544,10,64,2055,0,-52,11,-47,16,-72,92,0,-24,221,1000,-1893,-1849,-2217,-2079,0,-4453,-8250,-1113,-1113,-1113,-1113,0,23,82,40,62,91
9554,10,64,2105,0,-54,16,-48,12,-43,27,0,-12,180,1000,-1662,-1694,-2014,-1908,0,-3656,-7445,-914,-914,-914,-914,0,23,94,51,75,102
9564,10,64,2155,0,-48,28,-59,9,1,-58,0,1,-62,1000,-1483,-1632,-1851,-1754,0,-2856,-6633,-714,-714,-714,-714,0,23,106,63,88,111
9574,10,64,2205,0,-51,32,-54,30,-10,14,0,15,32,1000,-1205,-1433,-1601,-1554,0,-2055,-5798,-513,-513,-513,-513,0,23,118,74,101,123
9584,10,64,2255,0,-60,32,-37,45,-60,146,0,-11,-116,1000,-1058,-1169,-1508,-1338,0,-1269,-4927,-317,-317,-317,-317,0,23,127,85,110,135
9594,10,64,2305,0,-52,18,-31,38,28,133,0,8,-369,1000,-895,-1033,-1236,-1217,0,-643,-3994,-160,-160,-160,-160,0,23,138,93,119,144
9604,10,64,2355,0,-45,10,-47,26,63,-18,0,6,-285,1000,-685,-775,-958,-960,0,-218,-3084,-54,-54,-54,-54,0,23,149,109,127,157
9614,10,0,2405,0,-17,9,-51,32,202,-54,0,-4,-90,1000,-508,-535,-639,-585,0,0,-2170,0,0,0,0,0,23,134,107,112,140
9624,10,0,2455,0,16,7,-26,29,238,44,0,21,-146,1000,-316,-439,-254,-314,0,0,-1170,0,0,0,0,0,23,120,95,93,117
10162,11,0,1800,-15,-18,25,-24,16,35,-2,37,-1,-54,1000,260,149,56,163,18,691,705,249,166,93,165,0,23,-81,-64,117,158
10172,11,64,1822,54,-5,21,-24,18,121,-21,142,3,-76,1000,277,164,157,231,17,520,925,15,-40,216,313,0,23,-128,-113,129,165
10182,11,64,1860,134,61,36,-2,18,383,59,323,-19,30,1000,128,87,279,550,17,150,1045,-296,-320,313,438,0,23,-155,-132,102,127
10192,11,64,1905,214,61,22,46,19,149,257,-107,-28,-18,1000,85,142,293,544,16,-311,1104,-631,-623,388,540,0,23,-172,-131,96,123
10202,11,64,1953,294,68,20,86,15,119,343,-223,-10,41,1000,87,75,347,508,16,-626,993,-929,-889,499,679,0,23,-176,-150,105,132
10212,11,64,2003,374,75,10,97,12,105,235,-129,-4,103,1000,29,34,365,460,15,-763,794,-1183,-1111,655,862,0,23,-197,-170,125,156
10222,11,64,2052,454,100,11,104,10,181,162,18,-1,110,1000,-71,-76,391,487,15,-712,630,-1390,-1286,857,1093,0,23,-229,-205,159,196
10232,11,64,2102,534,147,5,126,9,404,197,207,-21,111,1000,-291,-158,431,607,14,-654,480,-1595,-1459,1061,1325,0,23,-273,-239,168,210
10242,11,64,2152,614,211,-41,164,2,531,237,296,-49,-174,1000,-708,-224,525,658,14,-658,388,-1816,-1647,1250,1541,0,23,-292,-267,171,225
10252,11,64,2203,695,249,-32,208,-16,445,280,165,-50,-278,1000,-864,-400,525,712,13,-638,222,-2032,-1831,1446,1766,0,23,-302,-275,184,239
10262,11,64,2234,775,316,-26,259,-19,571,319,251,-71,-229,1000,-1119,-560,580,912,13,-587,18,-2238,-2006,1649,1996,0,23,-311,-280,196,253
10272,11,64,2247,855,385,15,309,-11,649,305,342,-93,-148,1000,-1256,-746,607,1250,12,-497,18,-2434,-2170,1860,2235,0,23,-315,-275,213,266
10282,11,197,2252,935,536,48,361,-3,1224,372,849,-194,223,1000,-1777,-888,679,1985,12,-375,-181,-2623,-2327,2080,2483,0,23,-333,-277,231,287
10292,11,193,2254,1015,558,72,385,-15,534,293,238,-176,485,1000,-1740,-1027,735,2064,11,-250,-388,-2811,-2483,2301,2732,0,23,-332,-273,248,302
10302,11,193,2255,1095,578,103,417,-14,493,308,182,-165,728,1000,-1681,-1142,766,2188,11,-146,-504,-3005,-2645,2517,2976,0,23,-330,-266,253,301
10312,11,197,2255,1175,841,185,463,-11,1772,404,1363,-361,1630,1000,-2468,-1278,901,3673,11,-36,-637,-3197,-2805,2735,3221,0,23,-357,-260,284,330
10322,11,197,2255,1255,957,328,490,-38,1217,320,890,-435,3328,1000,-2312,-1346,1012,4778,10,120,-905,-3377,-2953,2964,3477,0,23,-333,-206,293,323
10332,11,193,2255,1335,819,220,522,-49,-411,318,-728,-289,2425,1000,-2110,-1415,1017,3598,10,314,-1139,-3548,-3092,3202,3744,0,23,-315,-222,293,337
10342,11,193,2255,1415,781,38,558,-51,-229,341,-565,-180,518,1000,-2535,-1575,1214,2505,9,410,-877,-3744,-3256,3416,3986,0,23,-348,-292,290,357
10352,11,197,2255,1495,943,-151,591,-8,890,331,570,-265,-1387,1000,-3928,-1708,1429,2358,9,308,-596,-3989,-3469,3580,4177,0,23,-371,-337,245,353
10363,11,197,2255,1575,1039,-231,627,-2,852,350,508,-355,-2126,1000,-4635,-1619,1521,2559,8,139,-251,-4250,-3699,3728,4353,0,23,-367,-334,210,339
10373,11,193,2255,1655,1025,-167,667,-14,260,382,-122,-298,-2094,1000,-4371,-1896,1460,2504,8,88,-359,-4483,-3899,3905,4558,0,23,-370,-333,242,357
10383,11,193,2255,1735,1002,-90,700,4,21,336,-317,-228,-1865,1000,-3962,-2148,1448,2490,7,205,-388,-4674,-4058,4125,4806,0,23,-369,-326,260,357
10393,11,193,2255,1815,998,-88,727,24,-28,298,-327,-182,-1285,1000,-3714,-2124,1678,2517,7,274,-435,-4875,-4228,4331,5040,0,23,-365,-325,266,358
10403,11,193,2255,1895,1025,37,763,20,148,347,-204,-183,36,1000,-3250,-2182,1746,3132,6,343,-556,-5077,-4398,4538,5275,0,23,-376,-315,304,376
10413,11,193,2255,1975,1046,90,801,17,142,357,-217,-177,832,1000,-3020,-2200,1858,3453,6,453,-660,-5269,-4558,4756,5520,0,23,-376,-306,317,381
10423,11,192,2255,2055,1079,91,830,28,328,315,11,-122,402,1000,-3075,-2496,1986,3345,5,513,-560,-5474,-4730,4960,5753,0,23,-378,-313,307,364
10433,11,197,1475,1223,1223,102,867,32,1014,366,646,-239,978,1000,-3530,-2410,2175,4171,102,-481,-481,-5697,-4922,5146,5966,0,23,-394,-311,309,376
10443,11,193,1491,1171,1285,253,914,12,688,418,-361,-268,2212,1000,-3207,-2575,2158,4958,98,-371,-652,-3104,-3086,2437,3294,0,23,-82,-28,45,54
10453,11,197,1527,1092,1039,169,936,7,-1319,281,1605,-179,1395,1000,-2699,-2208,1801,3743,91,-61,-607,-2821,-2805,2342,3141,0,23,0,27,28,25
10463,11,196,1571,1012,868,79,921,28,-1439,-4,1485,-99,453,1000,-2450,-2007,1599,2718,84,370,-522,-2509,-2493,2278,3019,0,23,30,33,19,23
10473,11,196,1619,932,809,47,867,36,-933,-297,675,-56,131,1000,-2321,-1958,1577,2343,78,632,-448,-2238,-2224,2171,2853,0,23,40,37,-7,-9
10483,11,196,1668,852,735,5,855,35,-805,-188,654,-61,-69,1000,-2228,-1694,1471,2053,71,679,-322,-2020,-2007,2009,2633,0,23,48,42,-41,-45
10493,11,196,1699,772,646,18,842,39,-823,-164,667,-66,74,1000,-1919,-1452,1269,1895,64,638,-264,-1825,-1813,1827,2392,0,23,44,44,-48,-58
10503,11,192,1712,692,659,37,793,48,-266,-363,-100,-67,52,1000,-1935,-1539,1237,1951,58,638,-305,-1620,-1609,1655,2161,0,23,53,56,-44,-56
10513,11,64,1717,613,641,48,723,30,-219,-534,-331,-54,60,1000,-1836,-1552,1202,1899,51,681,-305,-1406,-1396,1494,1943,0,23,47,52,-43,-58
10523,11,64,1376,533,590,42,690,50,-365,-227,140,-22,96,1000,-1645,-1504,1167,1674,44,741,-367,-1186,-1177,1337,1728,0,23,6,5,2,5
10533,11,64,1212,453,581,32,661,55,-156,-89,79,-36,281,1000,-1624,-1375,1187,1710,38,764,-355,-975,-968,1171,1503,0,23,7,6,1,7
10543,11,64,1145,374,545,-5,591,16,-262,-344,-78,-85,497,1000,-1635,-1016,1131,1708,31,769,-315,-769,-763,1000,1274,0,23,6,6,0,19
10553,11,64,1118,294,535,9,559,33,-144,-256,-104,-40,172,1000,-1566,-1221,1105,1533,24,793,-313,-558,-553,833,1049,0,23,9,5,4,16
10563,11,64,1107,214,540,19,547,28,-63,-150,-91,-32,94,1000,-1558,-1290,1096,1529,17,809,-299,-349,-345,665,822,0,23,9,5,6,16
10573,11,64,1103,134,528,35,527,13,-65,-171,-124,-36,-111,1000,-1542,-1329,980,1500,11,798,-246,-147,-144,490,589,0,23,9,9,5,13
10583,11,64,1101,55,529,53,517,37,-29,-140,-116,-14,2,1000,-1425,-1389,1033,1529,4,802,-206,58,59,319,359,0,23,9,9,13,17
10593,11,64,1100,0,491,43,511,42,-239,-77,0,-44,-54,1000,-1409,-1208,892,1467,0,795,-164,198,198,198,198,0,23,13,15,26,41
10603,11,64,1100,0,475,49,485,36,-191,-174,0,-42,-18,1000,-1328,-1166,867,1449,0,782,-114,195,195,195,195,0,23,13,16,27,40
10613,11,64,1100,0,439,11,449,25,-320,-273,0,6,-245,1000,-1231,-1145,958,1144,0,746,-18,186,186,186,186,0,23,20,14,19,32
10623,11,64,1100,0,415,19,431,24,-249,-178,0,17,-161,1000,-1073,-1083,963,1123,0,695,110,173,173,173,173,0,23,23,19,13,21
10633,11,64,1100,0,421,43,424,38,-71,-103,0,5,-31,1000,-1008,-1063,951,1271,0,633,221,158,158,158,158,0,23,18,20,14,17
10643,11,64,1100,0,421,38,403,35,-33,-197,0,-29,-89,1000,-1086,-957,885,1344,0,545,310,136,136,136,136,0,23,19,24,4,9
10653,11,64,1100,0,423,48,376,38,0,-298,0,-15,103,1000,-984,-963,955,1394,0,499,342,124,124,124,124,0,23,18,23,6,6
10663,11,64,1100,0,391,42,371,36,-184,-186,0,1,50,1000,-872,-916,938,1255,0,450,391,112,112,112,112,0,23,20,25,0,-2
10673,11,64,1100,0,361,55,376,14,-262,-64,0,-16,-161,1000,-839,-864,760,1207,0,392,472,98,98,98,98,0,23,16,27,-8,-15
10683,11,64,1100,0,322,91,353,39,-359,-129,0,-48,-392,1000,-779,-825,452,1189,0,314,512,78,78,78,78,0,23,1,22,-4,-18
10694,11,64,1100,0,310,42,325,67,-201,-174,0,-45,-336,1000,-821,-673,565,1073,0,263,518,65,65,65,65,0,23,18,28,-15,-22
10704,11,64,1100,0,309,28,306,31,-84,-176,0,-26,-117,1000,-757,-642,685,1046,0,226,475,56,56,56,56,0,23,30,34,-14,-19
10714,11,64,1100,0,299,42,287,28,-91,-196,0,-15,0,1000,-664,-660,676,1041,0,209,431,52,52,52,52,0,23,22,30,-14,-23
10724,11,64,1100,0,282,34,276,50,-138,-165,0,-10,89,1000,-598,-591,689,991,0,192,432,48,48,48,48,0,23,14,21,-17,-25
10734,11,64,1100,0,272,25,262,23,-140,-176,0,-14,3,1000,-622,-560,652,930,0,159,419,39,39,39,39,0,23,22,27,-19,-27
10744,11,64,1100,0,248,35,248,28,-199,-161,0,-1,-77,1000,-529,-579,583,834,0,132,419,33,33,33,33,0,23,10,18,-19,-30
10754,11,64,1100,0,232,13,221,33,-152,-233,0,-3,-100,1000,-539,-491,587,746,0,100,415,25,25,25,25,0,23,12,14,-26,-33
10764,11,64,1100,0,223,13,199,22,-105,-255,0,2,-24,1000,-483,-469,594,727,0,73,404,18,18,18,18,0,23,21,23,-26,-33
10774,11,0,1100,0,204,19,193,17,-163,-172,0,-8,-59,1000,-467,-437,488,683,0,75,343,18,18,18,18,0,23,20,24,-23,-32
10784,11,0,1100,0,179,18,183,13,-221,-134,0,-9,-38,1000,-406,-375,427,616,0,63,316,15,15,15,15,0,23,13,18,-24,-34
10794,11,0,1100,0,165,13,166,13,-185,-157,0,-7,11,1000,-374,-335,411,564,0,66,266,16,16,16,16,0,23,17,20,-20,-28
10804,11,0,1100,0,149,9,150,15,-161,-152,0,0,78,1000,-318,-299,404,500,0,78,216,19,19,19,19,0,23,12,15,-23,-30
10814,11,0,1100,0,131,9,137,8,-182,-140,0,-8,43,1000,-296,-248,332,461,0,57,213,14,14,14,14,0,23,14,17,-18,-24
10824,11,0,1100,0,126,2,122,3,-96,-144,0,-9,-81,1000,-331,-248,302,404,0,42,210,10,10,10,10,0,23,14,14,-20,-25
10834,11,0,1100,0,112,8,106,2,-110,-155,0,3,-32,1000,-253,-263,284,344,0,57,152,14,14,14,14,0,23,14,16,-16,-22
10844,11,0,1100,0,100,10,97,1,-126,-126,0,-5,7,1000,-245,-229,219,325,0,86,72,21,21,21,21,0,23,29,29,-2,-5
10854,11,0,1100,0,92,-8,89,0,-103,-109,0,0,57,1000,-242,-170,266,266,0,94,52,23,23,23,23,0,23,20,18,-13,-12
10864,11,0,1100,0,62,5,74,1,-224,-122,0,9,104,1000,-93,-137,208,208,0,71,86,17,17,17,17,0,23,12,14,-10,-14
10874,11,0,1100,0,58,11,61,5,-119,-114,0,8,189,1000,-45,-115,204,236,0,56,101,14,14,14,14,0,23,9,13,-10,-16
11187,12,64,1801,-11,0,-6,0,0,2,3,0,-2,49,1000,-1,35,24,7,0,31,9,37,35,-17,-23,0,26,180,155,-125,-145
11197,12,64,1825,-85,-10,-4,0,0,-89,-1,88,-1,-75,1000,0,22,-33,-51,0,107,9,258,228,-173,-206,0,26,185,168,-154,-189
11207,12,64,1864,-165,-43,-16,-18,-3,-222,-82,140,-23,-114,1000,14,174,-145,-123,0,102,19,476,415,-363,-426,0,26,194,196,-176,-205
11217,12,64,1910,-245,-68,-32,-57,-7,-246,-239,7,-39,-168,1000,0,292,-223,-204,0,105,6,695,605,-550,-643,0,26,196,202,-181,-211
11227,12,64,1958,-325,-125,-27,-102,-11,-441,-329,111,-66,-133,1000,104,481,-441,-297,0,112,-43,915,795,-737,-860,0,26,229,220,-196,-226
11237,12,64,2008,-405,-137,-23,-139,-16,-238,-332,-93,-35,20,1000,233,446,-381,-366,0,137,-107,1142,991,-921,-1074,0,26,261,235,-208,-244
11247,12,64,2057,-485,-167,-21,-169,-19,-284,-316,-32,-2,91,1000,399,441,-364,-504,0,178,-139,1370,1190,-1100,-1282,0,26,271,242,-211,-250
11257,12,64,2107,-565,-225,-22,-205,-17,-476,-332,143,-29,40,1000,494,643,-566,-614,0,200,-102,1595,1384,-1283,-1495,0,26,280,251,-226,-264
11267,12,196,2157,-645,-319,-54,-256,-19,-773,-363,410,-87,56,1000,571,1087,-855,-801,0,194,-102,1810,1570,-1472,-1714,0,26,287,257,-235,-261
11277,12,192,2207,-725,-402,-65,-298,-11,-727,-394,333,-125,312,1000,760,1470,-1051,-904,0,198,-96,2029,1760,-1659,-1932,0,26,298,267,-246,-268
11287,12,64,2242,-805,-415,-29,-324,-24,-375,-283,91,-79,233,1000,939,1275,-1074,-991,0,214,-109,2253,1953,-1845,-2147,0,26,305,276,-247,-281
11297,12,64,2256,-885,-453,-21,-380,-16,-411,-311,100,-74,251,1000,1094,1360,-1150,-1064,0,177,-30,2462,2132,-2042,-2374,0,26,310,282,-255,-291
11307,12,64,2261,-965,-534,-39,-448,-12,-634,-376,257,-102,46,1000,1181,1624,-1406,-1300,0,153,16,2674,2315,-2237,-2599,0,26,312,283,-264,-295
11317,12,197,2264,-1045,-680,-123,-524,-22,-1144,-520,624,-246,850,1000,1315,2724,-1702,-1350,0,146,25,2891,2501,-2427,-2819,0,26,317,284,-275,-275
11327,12,193,2264,-1125,-701,-136,-565,-26,-512,-442,70,-219,916,1000,1403,2737,-1656,-1491,0,184,-45,3119,2700,-2606,-3028,0,26,320,284,-272,-270
11337,12,64,2265,-1205,-653,-20,-594,-29,-11,-278,-267,-91,10,1000,1557,1820,-1710,-1618,0,151,20,3329,2880,-2803,-3255,0,26,325,297,-276,-311
11347,12,64,2265,-1285,-715,-28,-641,-15,-422,-294,128,-101,271,1000,1762,2087,-1786,-1708,0,129,57,3542,3063,-2998,-3479,0,26,331,303,-283,-316
11358,12,193,1492,-703,-797,-82,-706,-7,-614,-414,-225,-152,698,1000,1877,2635,-1878,-1825,-49,121,36,1857,1804,-1512,-1984,0,26,6,15,10,40
11368,12,196,1525,-623,-630,35,-732,-27,859,-285,1193,-102,-19,1000,1585,1674,-1804,-1417,-43,105,88,1646,1599,-1341,-1760,0,26,-50,-26,47,58
11378,12,196,1569,-543,-519,34,-705,-40,934,77,875,-35,88,1000,1458,1279,-1342,-1225,-37,86,110,1433,1392,-1170,-1536,0,26,-59,-42,60,69
11388,12,196,1616,-464,-470,-7,-665,-22,679,259,401,-13,-243,1000,1234,1150,-1131,-1278,-32,50,211,1217,1182,-1004,-1316,0,26,-78,-69,54,71
11398,12,196,1665,-384,-398,24,-638,-16,688,258,442,-37,229,1000,1173,1092,-972,-845,-26,-8,239,995,966,-844,-1102,0,26,-85,-69,68,84
11408,12,192,1699,-304,-370,64,-609,-30,407,288,139,-56,491,1000,1183,1029,-995,-598,-21,-2,184,789,766,-667,-872,0,26,-84,-61,87,100
11418,12,192,1713,-224,-369,35,-571,-29,188,339,-153,-6,117,1000,1149,888,-884,-839,-15,-28,228,575,558,-499,-649,0,26,-86,-71,67,78
11428,12,192,1718,-144,-341,18,-539,-16,261,322,-74,-20,24,1000,999,884,-824,-776,-10,-62,276,360,349,-332,-429,0,26,-91,-78,69,87
11438,12,192,1377,-64,-317,11,-510,-12,221,309,-95,-1,32,1000,975,817,-689,-753,-4,-113,327,139,134,-170,-214,0,26,-30,-21,18,16
11448,12,192,1215,0,-320,18,-473,-15,88,347,-255,1,-147,1000,964,760,-746,-793,0,-160,349,-40,-40,-40,-40,0,26,-31,-19,-4,-15
11458,12,64,1149,0,-308,22,-420,-16,93,298,0,7,-62,1000,963,717,-696,-752,0,-186,315,-46,-46,-46,-46,0,26,-31,-20,6,-3
11468,12,64,1123,0,-292,21,-388,-6,121,126,0,10,15,1000,922,672,-654,-723,0,-195,221,-48,-48,-48,-48,0,26,-32,-22,8,-1
11478,12,64,1112,0,-270,10,-350,-6,181,116,0,16,-137,1000,787,566,-628,-757,0,-158,115,-39,-39,-39,-39,0,26,-36,-29,11,6
11488,12,64,1107,0,-259,33,-303,4,115,211,0,15,81,1000,839,532,-618,-644,0,-123,57,-30,-30,-30,-30,0,26,-35,-23,21,12
11498,12,64,1106,0,-244,10,-270,19,122,213,0,1,66,1000,722,579,-567,-619,0,-103,57,-25,-25,-25,-25,0,26,-38,-31,18,16
11508,12,0,1105,0,-219,26,-246,9,206,181,0,9,8,1000,677,437,-549,-562,0,-85,18,-21,-21,-21,-21,0,26,-39,-28,22,16
11518,12,0,1105,0,-207,11,-224,11,165,168,0,7,-4,1000,599,439,-502,-566,0,-66,-15,-16,-16,-16,-16,0,26,-34,-27,21,20
11528,12,0,1105,0,-167,15,-204,11,312,135,0,-2,-91,1000,454,335,-466,-450,0,-61,-21,-15,-15,-15,-15,0,26,-30,-22,19,16
11538,12,0,1105,0,-158,23,-176,16,182,176,0,0,35,1000,469,313,-438,-395,0,-34,-67,-8,-8,-8,-8,0,26,-27,-17,22,18
11548,12,0,1105,0,-155,23,-151,21,104,217,0,5,61,1000,485,299,-406,-390,0,-37,-52,-9,-9,-9,-9,0,26,-28,-18,22,17
11558,12,0,1105,0,-135,20,-136,23,150,172,0,3,55,1000,431,275,-346,-326,0,-61,-2,-15,-15,-15,-15,0,26,-29,-20,18,12
11568,12,0,1105,0,-123,24,-125,27,137,132,0,9,26,1000,413,218,-316,-305,0,-64,3,-16,-16,-16,-16,0,26,-29,-19,17,10
11578,12,0,1104,0,-111,24,-111,26,141,140,0,0,-22,1000,347,201,-325,-258,0,-68,9,-17,-17,-17,-17,0,26,-29,-18,16,8
11588,12,0,1104,0,-89,28,-94,26,181,152,0,4,-50,1000,300,126,-275,-205,0,-76,22,-19,-19,-19,-19,0,26,-29,-17,14,4
11598,12,0,1104,0,-72,29,-79,27,181,141,0,-9,-31,1000,226,116,-274,-133,0,-61,-7,-15,-15,-15,-15,0,26,-25,-13,14,4
11608,12,0,1104,0,-59,25,-65,26,134,126,0,-3,-17,1000,184,70,-230,-126,0,-31,-60,-7,-7,-7,-7,0,26,-20,-9,15,7
11618,12,0,1104,0,-60,13,-54,24,58,119,0,4,94,1000,204,101,-164,-148,0,-11,-89,-2,-2,-2,-2,0,26,-16,-8,16,12
12683,13,64,1804,-80,-89,-15,-82,-11,11,74,-4,8,76,1000,249,239,-137,-276,13,-31,-14,236,149,-228,-201,0,27,203,-121,-200,97
12693,13,64,1832,-77,-98,34,-78,-6,-72,66,309,1,80,1000,350,157,-297,-193,92,-32,-32,381,-42,-409,-44,0,27,213,-140,-198,127
12703,13,64,1873,-75,-82,78,-85,22,46,-2,287,25,231,1000,479,-4,-266,-81,171,-23,-32,529,-231,-589,115,0,27,223,-193,-207,168
12713,13,64,1920,-73,-79,116,-85,79,73,-1,86,48,282,1000,632,-117,-252,-6,251,-84,77,661,-440,-788,259,0,27,231,-226,-220,195
12723,13,64,1968,-71,-72,105,-71,112,68,77,-209,33,241,1000,589,-42,-220,52,331,-170,232,787,-656,-993,396,0,27,214,-214,-225,184
12733,13,64,2018,-69,-67,122,-54,135,70,145,-127,13,17,1000,540,-71,-321,113,411,-264,352,910,-873,-1200,531,0,27,215,-228,-236,197
12743,13,64,2067,-67,-79,146,-53,153,-33,104,-29,20,89,1000,666,-82,-355,145,491,-331,414,1041,-1083,-1400,674,0,27,220,-236,-241,208
12753,13,64,2118,-65,-60,167,-58,170,89,24,-9,7,44,1000,631,-142,-390,266,572,-394,469,1173,-1293,-1600,817,0,27,221,-259,-256,218
12763,13,64,2167,-62,-49,197,-65,187,141,-43,90,2,61,1000,651,-220,-440,372,651,-435,476,1309,-1497,-1794,965,0,27,228,-282,-270,225
12773,13,64,2217,-60,-27,234,-56,210,161,-13,165,15,252,1000,731,-354,-408,512,732,-446,437,1454,-1693,-1980,1121,0,27,235,-287,-275,229
12783,13,64,2268,-58,-40,293,-40,238,-32,53,309,34,205,1000,887,-539,-558,521,812,-448,365,1600,-1887,-2164,1280,0,27,249,-301,-285,243
12793,13,64,2318,-56,-78,301,-42,284,-230,43,-52,68,-219,1000,964,-664,-695,247,892,-463,339,1744,-2085,-2351,1435,0,27,248,-312,-289,244
12803,13,64,2368,-54,-31,359,-53,324,228,-46,181,109,-689,1000,917,-1129,-737,282,972,-490,343,1884,-2285,-2542,1587,0,27,253,-326,-301,240
12813,13,64,2418,-52,-4,395,-47,349,200,-61,211,67,-405,1000,872,-1132,-816,558,1052,-473,240,2035,-2474,-2721,1750,0,27,272,-327,-309,260
12823,13,64,2468,-50,-19,416,-39,374,-11,-39,136,24,-55,1000,905,-992,-963,692,1132,-436,67,2192,-2659,-2895,1918,0,27,285,-334,-319,280
12833,13,64,2518,-47,0,469,-32,412,115,-18,232,54,-253,1000,959,-1294,-1028,725,1212,-377,34,2354,-2838,-3064,2092,0,27,285,-343,-327,275
12843,13,64,2568,-45,-19,492,-21,441,-84,26,185,44,-45,1000,1066,-1248,-1120,768,1292,-357,-49,2506,-3027,-3243,2256,0,27,304,-353,-335,298
12853,13,64,2618,-43,-38,528,-19,476,-152,39,157,50,146,1000,1233,-1270,-1200,805,1372,-311,-107,2664,-3209,-3415,2426,0,27,316,-363,-343,313
12863,13,197,2667,-41,-22,667,-25,519,65,-10,684,152,-253,1000,1592,-1970,-1320,818,1452,-306,-31,2813,-3401,-3597,2586,0,27,310,-383,-351,296
12873,13,192,2693,-39,-34,675,-30,539,-117,-21,124,103,-157,1000,1577,-1795,-1446,946,1532,-340,39,2951,-3603,-3789,2736,0,27,307,-383,-355,299
12883,13,192,2704,-37,-91,702,-29,548,-412,-19,147,96,216,1000,1843,-1635,-1588,930,1612,-355,-41,3095,-3801,-3976,2892,0,27,316,-380,-348,315
12893,13,193,2708,-35,-18,763,-45,596,319,-100,140,160,-661,1000,1710,-2297,-1589,924,1692,-329,89,3248,-3988,-4153,3057,0,27,313,-396,-361,298
12903,13,192,2710,-32,-8,802,-52,618,113,-77,161,149,-673,1000,1737,-2382,-1684,1050,1772,-401,110,3377,-4200,-4355,3198,0,27,311,-397,-364,296
12913,13,196,2710,-30,36,866,-43,609,418,20,601,27,524,1000,1726,-2088,-1778,1807,1852,-414,-86,3522,-4398,-4543,3354,0,27,325,-381,-368,317
12923,13,196,1794,133,133,978,-40,618,695,19,858,102,-311,1000,1636,-2962,-1827,1929,978,-38,-38,3694,-4567,-4702,3538,0,27,331,-385,-369,306
12933,13,193,1809,126,194,1152,-69,664,707,-164,-1245,332,-2455,1000,1758,-4620,-2058,1400,927,-147,-38,1391,-2522,-1925,2082,0,27,-45,-60,-8,-85
12943,13,197,1845,115,229,943,-114,682,352,-350,1021,436,-3784,1000,1250,-4703,-1463,639,848,-420,349,1200,-2377,-1832,1833,0,27,-57,-82,-26,-115
12953,13,197,1890,104,40,657,-121,676,-1015,-195,2159,256,-2583,1000,1124,-2853,-1392,247,769,-550,294,1046,-2197,-1703,1619,0,27,-104,11,39,-133
12963,13,196,1937,94,-80,440,-72,634,-1082,230,1985,125,-1672,1000,870,-1617,-1377,-104,689,-461,-163,946,-1963,-1519,1460,0,27,-114,90,108,-152
12973,13,196,1986,83,-130,294,-63,596,-724,152,1489,76,-974,1000,722,-938,-1174,-319,610,-216,-473,885,-1689,-1296,1340,0,27,-99,109,128,-138
12984,13,196,2018,72,-137,214,-97,576,-319,-123,905,57,-338,1000,645,-589,-954,-354,531,1,-721,818,-1422,-1081,1213,0,27,-93,119,136,-134
12994,13,192,2030,61,-171,195,-107,526,-312,-68,224,67,-755,1000,602,-606,-1084,-624,451,136,-782,729,-1176,-885,1066,0,27,-100,110,131,-142
13004,13,192,2035,50,-175,172,-77,487,-164,185,39,84,-1058,1000,556,-635,-1042,-764,372,152,-674,611,-960,-720,889,0,27,-134,114,133,-178
13014,13,192,1613,39,-213,110,-67,457,-308,129,259,98,-1160,1000,554,-454,-972,-1035,293,190,-649,498,-737,-548,717,0,27,-51,29,64,-113
13024,13,192,1443,29,-232,110,-87,412,-191,-63,-213,107,-1353,1000,576,-479,-1041,-1154,214,240,-646,389,-513,-375,549,0,27,-49,24,61,-116
13034,13,192,1373,18,-170,139,-93,392,267,-18,-363,65,-769,1000,496,-464,-946,-717,134,325,-737,288,-279,-192,389,0,27,-38,39,65,-114
13044,13,64,1345,7,-142,154,-98,336,264,18,-424,49,-470,1000,473,-471,-897,-519,55,426,-806,191,-41,-6,233,0,27,-27,47,67,-110
13054,13,64,1334,0,-136,142,-111,256,161,8,0,29,-400,1000,400,-394,-891,-471,0,510,-829,127,127,127,127,0,27,33,47,67,45
13064,13,64,1329,0,-131,141,-122,206,96,-21,0,14,-202,1000,389,-330,-880,-392,0,598,-886,149,149,149,149,0,27,47,49,67,47
13074,13,64,1327,0,-108,152,-125,180,173,-25,0,-4,210,1000,427,-242,-779,-145,0,653,-815,163,163,163,163,0,27,34,61,71,50
13084,13,64,1327,0,-97,133,-118,160,147,12,0,-2,11,1000,397,-194,-668,-123,0,690,-481,172,172,172,172,0,27,37,69,75,59
13094,13,0,1326,0,-98,115,-106,140,44,49,0,0,-18,1000,448,-81,-550,-89,0,573,-150,143,143,143,143,0,27,-17,26,34,10
13104,13,0,1326,0,-95,107,-99,120,22,46,0,3,-164,1000,471,-41,-473,-66,0,377,150,94,94,94,94,0,27,-39,2,15,-12
13114,13,0,1326,0,-84,93,-94,105,77,34,0,2,-174,1000,437,-3,-391,-37,0,219,262,54,54,54,54,0,27,-42,-5,9,-18
13124,13,0,1326,0,-75,78,-85,91,94,55,0,-1,-120,1000,375,19,-344,-31,0,165,209,41,41,41,41,0,27,-11,15,30,10
13134,13,0,1326,0,-73,68,-74,76,47,76,0,-3,9,1000,355,53,-312,-32,0,174,116,43,43,43,43,0,27,-13,12,27,9
13144,13,0,1326,0,-67,49,-69,66,63,55,0,-2,-70,1000,291,69,-262,-66,0,207,146,51,51,51,51,0,27,-10,11,24,11
13457,14,64,1815,6,0,-10,2,0,-16,5,84,0,-49,1000,-32,9,17,-29,-61,115,6,-106,159,189,-71,0,27,-165,187,184,-161
13467,14,196,1851,6,-14,-76,0,-12,-95,-1,416,10,-54,1000,-97,176,161,-219,-141,125,6,-256,350,379,-222,0,27,-216,234,219,-230
13477,14,64,1896,6,-37,-118,-6,-55,-183,-5,229,40,-351,1000,-126,180,199,-504,-221,131,-4,-407,541,569,-374,0,27,-228,240,233,-238
13487,14,64,1943,5,-66,-178,-19,-103,-246,-4,288,84,-608,1000,-137,209,315,-863,-301,143,-25,-557,733,760,-525,0,27,-236,245,244,-243
13497,14,197,1992,5,-178,-301,-18,-147,-832,67,716,176,-1835,1000,-174,230,262,-1906,-381,142,-20,-710,922,948,-679,0,27,-247,226,247,-240
13507,14,193,2024,5,-162,-274,-18,-154,-128,21,-5,160,-1735,1000,-157,215,240,-1729,-461,98,61,-873,1100,1126,-843,0,27,-247,227,244,-246
13517,14,64,2036,5,-102,-212,-23,-180,258,5,-491,118,-738,1000,-98,224,325,-1165,-541,168,-165,-1008,1306,1332,-979,0,27,-206,242,249,-223
13527,14,193,2041,5,-158,-269,-24,-211,-299,153,86,166,-945,1000,-39,285,363,-1616,-621,302,-301,-1127,1529,1553,-1099,0,27,-192,232,250,-218
13537,14,193,2043,4,-164,-310,-11,-232,-83,121,144,159,-1232,1000,-145,382,398,-1723,-701,264,-132,-1289,1708,1732,-1262,0,27,-243,234,251,-249
13547,14,196,1334,-109,-60,-291,-35,-248,612,-99,410,60,-684,1000,-452,492,506,-1039,-294,-38,-68,-274,941,427,-870,0,27,20,-33,-14,49
13557,14,196,1362,-82,-2,-197,-54,-259,588,-139,998,16,-31,1000,-392,374,444,-473,-222,164,-191,-158,758,370,-608,0,27,39,-27,-8,72
13567,14,196,1403,-54,32,-107,-46,-248,418,4,743,-4,158,1000,-316,175,307,-123,-147,310,-211,-54,552,295,-352,0,27,55,-60,-27,109
13577,14,192,1450,-26,20,-119,-32,-225,119,71,98,-8,174,1000,-285,272,329,-137,-72,294,-102,8,306,180,-137,0,27,50,-75,-43,109
13587,14,192,1498,-1,20,-94,-30,-205,38,36,66,2,201,1000,-170,229,337,-70,-4,246,39,57,75,68,48,0,27,59,-94,-56,130
13597,14,128,1548,0,46,-82,-30,-179,158,19,0,9,0,1000,-227,100,365,-14,0,182,149,45,45,45,45,0,27,16,-3,-17,5
13607,14,0,1598,0,20,-103,-21,-148,-70,16,0,-4,39,1000,-195,274,351,-64,0,115,234,28,28,28,28,0,27,8,-16,-24,3
13617,14,0,1648,0,34,-87,-9,-126,51,0,0,-5,105,1000,-186,225,359,22,0,66,237,16,16,16,16,0,27,15,-9,-18,6
13627,14,0,1698,0,32,-65,1,-105,5,3,0,2,13,1000,-157,122,287,8,0,63,188,15,15,15,15,0,27,28,6,-2,20
14688,15,64,1800,42,37,-71,37,-75,-4,0,13,-7,-6,1000,-235,116,256,0,-68,65,79,-232,77,279,1,0,29,-53,-145,10,161
14698,15,64,1822,91,53,-65,34,-70,118,-30,119,-2,78,1000,-240,72,311,62,-17,-17,67,-287,-176,252,210,0,29,-43,-164,16,199
14708,15,64,1860,146,102,-3,42,-54,303,26,371,-6,140,1000,-256,-173,280,330,40,-6,36,-324,-440,248,474,0,29,-43,-236,15,253
14718,15,64,1905,201,120,8,82,-15,237,165,50,-8,216,1000,-263,-215,310,433,98,-18,55,-366,-710,238,732,0,29,-43,-249,13,261
14728,15,64,1953,256,122,36,117,17,117,239,-80,-19,197,1000,-232,-252,229,523,156,-34,102,-409,-981,227,990,0,29,-51,-262,9,265
14738,15,64,2003,311,128,39,136,45,83,212,-183,-11,184,1000,-219,-287,262,533,214,-66,139,-457,-1255,212,1243,0,29,-52,-268,8,268
14748,15,64,2052,366,138,54,145,66,108,155,-110,-6,-22,1000,-242,-393,227,543,272,-90,204,-502,-1528,199,1499,0,29,-54,-277,6,273
14758,15,64,2102,421,153,78,159,81,161,171,-14,-4,-154,1000,-259,-514,186,597,330,-138,233,-554,-1807,180,1748,0,29,-58,-286,1,276
14768,15,64,2153,477,196,127,182,103,340,202,235,-28,121,1000,-266,-608,177,925,388,-165,218,-600,-2083,166,2005,0,29,-57,-294,1,294
14778,15,64,2203,532,209,138,203,130,196,177,19,5,-136,1000,-266,-803,209,857,447,-180,257,-644,-2353,156,2263,0,30,-60,-306,0,292
14788,15,64,2253,587,238,158,225,144,279,190,103,-16,10,1000,-316,-828,213,1057,505,-220,256,-693,-2630,139,2514,0,30,-61,-312,-2,300
14798,15,64,2302,642,272,187,254,178,282,212,46,-14,-172,1000,-394,-1026,183,1154,562,-241,256,-737,-2900,127,2768,0,30,-63,-323,-7,307
14808,15,64,2353,697,306,191,285,197,312,226,0,-25,-159,1000,-502,-1088,228,1281,620,-256,248,-781,-3170,116,3026,0,30,-63,-331,-10,314
14818,15,64,2403,752,334,214,321,207,327,289,61,-38,66,1000,-514,-1129,257,1475,678,-256,213,-820,-3437,109,3288,0,30,-62,-337,-10,324
14828,15,64,2453,807,363,246,354,235,270,274,30,-37,-41,1000,-558,-1304,227,1586,736,-271,211,-863,-3708,98,3545,0,30,-65,-348,-13,330
14838,15,64,2503,862,386,264,359,268,278,113,66,-25,-192,1000,-612,-1479,219,1608,794,-261,163,-900,-3972,93,3809,0,30,-65,-359,-15,338
14848,15,64,2553,917,454,309,397,282,500,192,349,-57,78,1000,-730,-1619,239,1994,853,-229,82,-932,-4230,95,4079,0,30,-62,-369,-16,358
14858,15,64,2603,972,489,358,448,289,415,303,372,-64,129,1000,-762,-1811,178,2188,911,-178,-19,-958,-4485,100,4353,0,30,-61,-381,-18,374
14868,15,64,2653,1027,529,400,488,338,435,292,280,-54,-121,1000,-825,-2089,140,2298,969,-189,2,-1000,-4754,91,4612,0,30,-64,-396,-25,382
14878,15,64,2703,1083,491,322,519,383,-21,310,-694,-8,-805,1000,-933,-2087,190,1790,1027,-217,52,-1047,-5029,77,4868,0,30,-63,-401,-24,372
14888,15,64,2753,1138,500,352,533,381,29,256,-237,-27,-583,1000,-912,-2106,118,1935,1085,-167,-65,-1074,-5282,82,5141,0,30,-58,-406,-29,393
14898,15,64,2803,1193,544,381,548,388,298,239,85,-42,-465,1000,-1027,-2258,97,2126,1143,-110,-256,-1099,-5535,89,5416,0,30,-53,-408,-30,406
14908,15,64,2853,1248,602,440,571,408,474,213,397,-49,-302,1000,-1086,-2513,79,2417,1201,30,-406,-1103,-5766,118,5713,0,30,-47,-409,-26,420
14918,15,196,2903,1303,646,501,593,423,441,226,428,-42,-243,1000,-1086,-2792,48,2626,1259,124,-512,-1119,-6010,134,5998,0,30,-45,-416,-26,431
14928,15,192,2943,1358,705,565,622,457,511,284,374,-63,-52,1000,-1132,-2992,18,2990,1317,206,-559,-1138,-6256,148,6280,0,30,-45,-422,-29,443
14938,15,64,2960,1413,686,534,651,503,86,246,-291,-48,-274,1000,-1157,-2962,34,2795,1375,245,-539,-1168,-6513,150,6551,0,30,-45,-422,-29,437
14948,15,64,2967,1468,720,580,663,527,277,108,224,-45,-173,1000,-1128,-3126,44,3004,1433,276,-516,-1200,-6772,151,6820,0,30,-44,-425,-25,444
14958,15,128,1976,796,805,674,686,545,644,204,0,-79,288,1000,-1146,-3362,42,3591,665,-561,-563,-1043,-3585,169,3306,0,30,-83,-122,34,90
14969,15,193,1995,751,896,780,750,592,770,468,-604,-180,1514,1000,-1131,-3298,38,4536,627,-430,-675,-959,-3356,184,3142,0,30,-68,28,39,-8
14979,15,197,2032,689,725,546,750,587,-820,127,1479,-166,998,1000,-1205,-2501,96,3468,575,-99,-652,-807,-3007,243,2959,0,30,-29,67,59,-4
14989,15,196,2077,628,620,423,661,535,-872,-419,864,-119,728,1000,-1125,-2154,179,2771,524,304,-681,-636,-2641,320,2794,0,30,-14,84,70,-15
14999,15,196,2125,566,584,396,642,562,-585,-235,665,-48,120,1000,-1060,-2312,207,2339,473,550,-593,-505,-2314,358,2590,0,30,-22,83,65,-43
15009,15,196,2173,504,543,335,671,543,-521,86,788,-24,-379,1000,-1088,-2205,236,1986,421,610,-390,-419,-2031,349,2337,0,30,-31,91,50,-81
15019,15,192,2199,443,512,336,662,489,-379,-21,175,-15,-353,1000,-955,-2134,206,1904,370,538,-326,-368,-1783,307,2053,0,30,-48,87,39,-107
15029,15,192,2209,382,487,304,602,494,-322,-354,96,-39,-104,1000,-942,-1877,227,1891,319,535,-326,-300,-1520,282,1788,0,30,-35,103,46,-97
15039,15,192,2087,321,484,304,571,494,-193,-322,-35,-22,-87,1000,-903,-1917,255,1840,268,584,-366,-218,-1242,270,1535,0,30,-38,25,46,-12
15049,15,192,1709,259,493,329,561,457,11,-177,-383,4,-197,1000,-849,-2093,254,1827,216,614,-370,-140,-969,254,1276,0,30,-37,19,49,-10
15059,15,192,1556,198,485,341,550,440,-56,-130,-261,7,-106,1000,-775,-2085,244,1845,165,640,-360,-64,-696,237,1017,0,30,-35,19,51,-11
15069,15,64,1493,136,474,325,526,426,-40,-137,-101,4,-113,1000,-776,-2010,253,1796,114,654,-333,8,-427,216,755,0,30,-33,22,50,-12
15079,15,64,1468,75,453,322,487,377,-152,-205,-147,-4,-192,1000,-757,-1945,173,1737,62,668,-312,81,-158,196,492,0,30,-33,24,47,-10
15089,15,64,1458,14,450,311,480,349,-46,-40,-44,-8,-7,1000,-728,-1850,231,1767,12,682,-295,154,108,176,233,0,30,-30,27,53,-2
15099,15,64,1454,0,405,246,463,322,-263,-24,0,6,-75,1000,-693,-1626,317,1490,0,662,-216,165,165,165,165,0,30,2,35,47,20
15109,15,64,1452,0,381,295,410,304,-250,-266,0,27,121,1000,-431,-1675,259,1536,0,650,-170,162,162,162,162,0,30,-4,34,55,18
15119,15,64,1451,0,352,328,378,299,-257,-224,0,53,340,1000,-161,-1679,249,1533,0,633,-106,158,158,158,158,0,30,-1,33,61,15
15129,15,64,1451,0,373,288,384,288,-14,-17,0,24,76,1000,-402,-1607,275,1532,0,599,-23,149,149,149,149,0,30,-5,36,47,7
15139,15,64,1451,0,351,273,388,285,-121,58,0,13,-54,1000,-390,-1488,235,1475,0,553,132,138,138,138,138,0,30,-6,40,37,-6
15149,15,64,1451,0,352,243,356,263,-33,-160,0,-8,-56,1000,-465,-1332,289,1496,0,455,261,113,113,113,113,0,30,-2,46,23,-20
15159,15,64,1451,0,340,232,329,242,-120,-232,0,-8,-135,1000,-462,-1288,277,1433,0,389,301,97,97,97,97,0,30,1,47,25,-15
15169,15,64,1451,0,305,211,330,236,-276,-65,0,10,-273,1000,-381,-1219,276,1241,0,354,378,88,88,88,88,0,30,3,50,15,-30
15179,15,64,1451,0,264,175,319,211,-334,-32,0,27,-367,1000,-306,-1084,297,1017,0,270,448,67,67,67,67,0,30,6,54,-3,-52
15189,15,64,1451,0,266,195,283,194,-117,-174,0,14,-216,1000,-263,-1064,263,1134,0,214,460,53,53,53,53,0,30,5,55,4,-47
15199,15,64,1451,0,282,195,254,185,54,-258,0,6,-156,1000,-307,-1066,299,1209,0,175,465,43,43,43,43,0,30,8,55,7,-42
15209,15,64,1451,0,272,196,242,174,-16,-223,0,-10,-83,1000,-299,-988,248,1234,0,145,453,36,36,36,36,0,30,0,48,0,-52
15219,15,64,1451,0,255,185,244,182,-115,-118,0,-17,-151,1000,-316,-930,183,1154,0,120,408,30,30,30,30,0,30,14,60,8,-40
15229,15,0,1451,0,231,177,237,167,-194,-104,0,-11,-131,1000,-273,-889,144,1042,0,102,312,25,25,25,25,0,31,3,50,-1,-53
15239,15,0,1451,0,217,175,211,145,-155,-198,0,-17,-131,1000,-270,-854,84,995,0,127,242,31,31,31,31,0,31,14,61,10,-40
15249,15,0,1451,0,186,169,198,151,-239,-142,0,-26,-160,1000,-216,-746,-1,913,0,138,260,34,34,34,34,0,31,4,51,6,-44
15259,15,0,1451,0,175,153,195,145,-167,-47,0,-22,-133,1000,-202,-685,26,851,0,109,260,27,27,27,27,0,31,2,47,3,-44
15269,15,0,1451,0,168,133,169,134,-98,-154,0,-6,-142,1000,-167,-642,116,781,0,36,349,9,9,9,9,0,31,-9,32,-9,-56
15279,15,0,1451,0,169,125,151,125,1,-178,0,-14,-227,1000,-215,-624,107,772,0,-7,378,-1,-1,-1,-1,0,31,-12,28,-13,-61
15289,15,0,1451,0,165,117,149,114,-48,-126,0,-9,-143,1000,-206,-602,133,739,0,7,312,1,1,1,1,0,31,-7,31,-11,-57
15299,15,0,1451,0,139,112,138,107,-158,-126,0,5,-10,1000,-103,-557,131,635,0,33,217,8,8,8,8,0,31,8,44,5,-35
15310,15,0,1451,0,138,106,119,96,-68,-184,0,-6,-43,1000,-162,-532,85,622,0,49,151,12,12,12,12,0,31,3,40,0,-41
15320,15,0,1451,0,124,92,113,95,-121,-141,0,-4,-70,1000,-158,-487,79,538,0,52,124,13,13,13,13,0,31,4,38,0,-38
15330,15,0,1451,0,118,83,111,89,-93,-83,0,-12,-78,1000,-175,-429,68,526,0,32,143,8,8,8,8,0,31,2,34,-2,-39
15340,15,0,1451,0,92,82,99,79,-202,-117,0,0,-43,1000,-72,-386,47,437,0,21,141,5,5,5,5,0,31,-1,31,0,-38
15350,15,0,1451,0,75,75,80,70,-181,-147,0,2,-48,1000,-38,-346,24,362,0,23,117,5,5,5,5,0,32,-2,30,0,-35
15360,15,0,1451,0,76,70,70,63,-69,-119,0,3,-74,1000,-66,-356,22,333,0,40,69,10,10,10,10,0,32,1,32,2,-32
15370,15,0,1451,0,62,53,64,56,-108,-87,0,-3,-31,1000,-81,-271,9,274,0,67,9,16,16,16,16,0,32,5,32,4,-25
15380,15,0,1451,0,55,47,56,47,-95,-86,0,-5,-8,1000,-83,-241,-4,245,0,90,-32,22,22,22,22,0,32,8,34,6,-21
15390,15,0,1451,0,46,47,48,39,-103,-80,0,2,2,1000,-39,-238,-6,201,0,98,-43,24,24,24,24,0,32,8,35,8,-19
15703,16,64,1804,-8,4,-5,0,0,24,1,17,-4,-43,1000,-44,4,4,3,-16,51,6,4,73,31,-43,0,32,-2,183,33,-167
15713,16,64,1832,-64,-12,-31,-2,-3,-95,-13,222,-4,-120,1000,-64,85,3,-112,-72,117,6,67,353,47,-286,0,32,-10,209,25,-219
15723,16,64,1873,-121,-30,-28,-18,-20,-121,-77,32,8,-98,1000,18,85,-16,-188,-129,129,-26,117,622,50,-546,0,32,10,217,29,-234
15733,16,64,1920,-178,-34,-49,-41,-42,-71,-164,-63,6,-68,1000,-35,133,2,-250,-185,141,-125,167,892,52,-805,0,32,7,236,32,-245
15743,16,64,1968,-234,-61,-48,-62,-56,-200,-204,-67,7,16,1000,32,182,-72,-334,-242,200,-251,228,1174,67,-1053,0,32,23,256,29,-248
15753,16,64,2018,-292,-70,-63,-79,-71,-125,-186,-75,5,96,1000,18,236,-68,-392,-298,287,-359,297,1464,88,-1297,0,32,27,267,35,-244
15763,16,64,2068,-348,-92,-76,-95,-84,-186,-186,-20,11,154,1000,69,310,-72,-487,-355,369,-402,364,1752,108,-1539,0,32,39,275,39,-246
15773,16,64,2118,-405,-118,-111,-119,-100,-230,-223,77,6,-22,1000,26,427,-100,-652,-411,418,-376,424,2031,120,-1789,0,32,31,284,34,-257
15783,16,64,2167,-461,-140,-133,-147,-118,-213,-266,26,9,-6,1000,56,526,-90,-756,-468,437,-376,475,2300,124,-2046,0,32,37,292,36,-264
15793,16,64,2217,-518,-177,-143,-168,-135,-300,-231,62,9,54,1000,161,666,-125,-846,-524,436,-326,521,2567,123,-2309,0,32,57,302,35,-270
15803,16,64,2267,-575,-194,-160,-181,-146,-212,-145,95,19,-14,1000,195,719,-101,-950,-581,423,-264,565,2830,119,-2575,0,32,65,308,39,-278
15813,16,64,2318,-631,-233,-201,-198,-169,-310,-111,268,16,163,1000,281,979,-38,-1064,-637,405,-185,607,3093,114,-2842,0,32,65,322,47,-294
15823,16,64,2368,-688,-243,-216,-241,-199,-158,-270,-70,24,380,1000,366,1089,64,-1065,-694,381,-118,648,3354,108,-3111,0,32,66,330,62,-302
15833,16,64,2418,-745,-272,-274,-285,-233,-237,-385,41,31,447,1000,374,1300,173,-1245,-750,374,-89,693,3619,105,-3376,0,32,70,342,76,-314
15843,16,64,2468,-801,-289,-267,-306,-260,-171,-294,-146,68,159,1000,460,1178,152,-1413,-806,342,-20,732,3877,97,-3647,0,32,68,343,75,-326
15853,16,64,2518,-858,-313,-275,-317,-285,-215,-197,-65,63,90,1000,496,1262,98,-1486,-863,312,36,771,4137,89,-3917,0,32,65,351,68,-337
15863,16,64,2568,-915,-365,-304,-339,-291,-416,-201,246,43,220,1000,568,1533,26,-1610,-919,315,25,819,4404,89,-4179,0,32,65,365,60,-345
15873,16,64,2618,-972,-354,-291,-366,-323,-22,-205,-350,19,559,1000,600,1623,50,-1417,-976,307,36,864,4669,87,-4444,0,32,65,373,64,-346
15883,16,64,2668,-1028,-385,-330,-374,-326,-257,-146,171,7,686,1000,610,1844,63,-1525,-1032,319,9,913,4939,89,-4704,0,32,68,385,67,-353
15893,16,64,2718,-1085,-444,-423,-424,-357,-434,-371,328,24,775,1000,666,2195,220,-1866,-1089,289,62,953,5198,81,-4974,0,32,72,401,86,-373
15903,16,64,2768,-1142,-447,-427,-474,-392,-205,-445,-116,70,724,1000,770,2100,339,-1977,-1145,258,127,992,5457,73,-5244,0,32,70,403,86,-389
15913,16,64,2818,-1198,-474,-517,-484,-424,-221,-240,327,44,180,1000,515,2343,326,-2266,-1202,213,276,1028,5713,61,-5519,0,32,67,414,74,-411
15923,16,196,2868,-1255,-550,-617,-475,-472,-597,-28,823,107,-449,1000,553,2488,427,-2913,-1258,102,455,1047,5952,33,-5809,0,32,63,410,65,-437
15933,16,192,2910,-1312,-603,-582,-491,-494,-501,-148,135,74,60,1000,842,2762,287,-2768,-1315,-19,545,1063,6188,2,-6102,0,32,56,414,69,-434
15943,16,192,2929,-1368,-637,-607,-548,-493,-439,-365,134,42,311,1000,876,3034,238,-2790,-1371,-73,507,1096,6441,-11,-6379,0,32,59,428,72,-435
15953,16,192,1961,-650,-721,-709,-576,-518,-718,-276,-692,88,61,1000,971,3321,358,-3348,-614,465,609,716,3098,32,-2835,0,32,84,-20,6,39
15963,16,196,1991,-592,-662,-582,-594,-544,131,-228,833,127,-95,1000,1117,2770,275,-3047,-560,235,691,606,2777,-17,-2632,0,32,57,-59,-4,36
15974,16,196,2033,-534,-591,-427,-629,-527,416,-239,1203,76,288,1000,1224,2478,65,-2334,-505,-121,763,463,2422,-99,-2457,0,32,34,-74,-27,37
15984,16,196,2079,-476,-561,-380,-592,-478,360,157,482,41,307,1000,1169,2393,-48,-2072,-450,-356,795,350,2096,-150,-2252,0,32,34,-81,-39,56
15994,16,196,2129,-417,-489,-255,-544,-478,575,356,769,16,740,1000,1246,2077,-146,-1495,-394,-476,713,266,1796,-172,-2014,0,32,34,-96,-41,89
16004,16,192,2168,-359,-493,-254,-535,-474,197,217,219,23,149,1000,1121,1912,-293,-1671,-340,-491,692,209,1527,-169,-1755,0,32,36,-103,-44,101
16014,16,192,2184,-302,-474,-257,-532,-437,164,123,-11,33,178,1000,1092,1860,-209,-1643,-285,-543,692,142,1249,-174,-1507,0,32,28,-105,-49,92
16024,16,192,2191,-244,-434,-187,-505,-411,327,229,266,62,-118,1000,1106,1457,-284,-1536,-230,-600,694,75,968,-181,-1257,0,32,15,-118,-48,97
16034,16,192,1839,-185,-430,-177,-460,-385,153,374,-169,61,-14,1000,1128,1442,-283,-1482,-175,-637,662,12,692,-183,-1002,0,32,23,-42,-40,21
16044,16,192,1599,-127,-432,-220,-445,-355,42,250,-426,38,-60,1000,992,1592,-256,-1537,-120,-686,655,-53,413,-188,-750,0,32,25,-38,-45,18
16054,16,64,1502,-69,-429,-240,-446,-335,57,91,-218,0,151,1000,913,1779,-245,-1434,-65,-735,648,-119,134,-192,-499,0,32,26,-32,-49,15
16064,16,64,1463,-12,-420,-212,-424,-292,74,161,-87,17,190,1000,972,1644,-250,-1396,-11,-754,591,-177,-132,-190,-243,0,32,24,-36,-47,8
16074,16,64,1447,0,-406,-181,-399,-260,104,226,0,23,141,1000,988,1502,-298,-1337,0,-773,551,-193,-193,-193,-193,0,32,-15,-41,-44,-31
16084,16,64,1440,0,-388,-186,-397,-225,170,104,0,16,82,1000,876,1448,-298,-1316,0,-775,461,-193,-193,-193,-193,0,32,-15,-42,-44,-28
16094,16,64,1438,0,-367,-196,-395,-202,196,25,0,11,11,1000,741,1392,-283,-1311,0,-761,353,-190,-190,-190,-190,0,32,-12,-44,-40,-18
16104,16,64,1436,0,-346,-209,-369,-206,204,128,0,10,70,1000,635,1354,-226,-1299,0,-699,207,-174,-174,-174,-174,0,32,-12,-45,-45,-21
16114,16,64,1436,0,-331,-199,-339,-204,166,205,0,44,335,1000,714,1238,-105,-1285,0,-664,49,-166,-166,-166,-166,0,32,-8,-49,-21,-1
16124,16,64,1436,0,-312,-201,-326,-195,172,122,0,52,452,1000,674,1175,-41,-1257,0,-587,-79,-146,-146,-146,-146,0,32,-6,-51,-13,8
16134,16,64,1436,0,-314,-170,-317,-177,53,94,0,32,236,1000,610,1071,-253,-1246,0,-528,-206,-132,-132,-132,-132,0,32,-15,-55,-16,14
16144,16,64,1436,0,-303,-156,-292,-167,110,209,0,12,160,1000,535,1030,-337,-1175,0,-448,-247,-112,-112,-112,-112,0,32,-21,-56,-17,12
16154,16,64,1436,0,-297,-156,-268,-168,71,253,0,9,209,1000,510,1024,-332,-1150,0,-410,-296,-102,-102,-102,-102,0,32,-18,-56,-7,27
16164,16,64,1436,0,-265,-142,-264,-153,222,137,0,15,114,1000,433,872,-301,-1082,0,-370,-317,-92,-92,-92,-92,0,32,-24,-61,-5,29
16174,16,0,1436,0,-240,-150,-257,-143,264,97,0,-7,37,1000,273,857,-314,-1010,0,-326,-366,-81,-81,-81,-81,0,32,-14,-57,1,43
16184,16,0,1436,0,-219,-138,-226,-143,223,203,0,3,158,1000,270,760,-255,-943,0,-278,-450,-69,-69,-69,-69,0,32,-8,-49,5,45
16194,16,0,1436,0,-198,-118,-194,-127,209,257,0,8,17,1000,220,612,-280,-897,0,-199,-468,-49,-49,-49,-49,0,32,-5,-41,8,45
16204,16,0,1436,0,-200,-111,-185,-117,76,165,0,5,73,1000,254,631,-285,-863,0,-164,-437,-41,-41,-41,-41,0,32,-15,-47,2,38
16214,16,0,1436,0,-173,-112,-182,-108,201,95,0,0,67,1000,183,595,-221,-766,0,-146,-377,-36,-36,-36,-36,0,32,-11,-45,0,36
16224,16,0,1436,0,-157,-98,-161,-93,180,153,0,7,65,1000,186,512,-195,-708,0,-145,-359,-36,-36,-36,-36,0,32,-11,-42,0,34
16234,16,0,1436,0,-154,-91,-141,-86,74,181,0,-3,100,1000,174,524,-224,-656,0,-121,-363,-30,-30,-30,-30,0,32,-1,-33,10,44
16244,16,0,1436,0,-142,-76,-136,-78,101,121,0,0,66,1000,168,444,-231,-610,0,-90,-363,-22,-22,-22,-22,0,32,-7,-34,7,37
16254,16,0,1436,0,-115,-74,-128,-71,208,88,0,3,101,1000,113,374,-155,-533,0,-58,-370,-14,-14,-14,-14,0,32,2,-25,10,42
16264,16,0,1436,0,-113,-50,-105,-63,72,158,0,10,88,1000,169,296,-187,-491,0,-42,-346,-10,-10,-10,-10,0,32,1,-20,14,41
16274,16,0,1436,0,-107,-50,-92,-52,69,168,0,9,165,1000,184,316,-146,-444,0,-43,-300,-10,-10,-10,-10,0,32,8,-15,20,47
16284,16,0,1436,0,-84,-42,-83,-43,169,131,0,8,108,1000,135,245,-110,-360,0,-54,-235,-13,-13,-13,-13,0,32,-3,-23,7,31
16295,16,0,1436,0,-71,-41,-70,-34,133,128,0,2,-54,1000,59,199,-125,-343,0,-59,-192,-14,-14,-14,-14,0,32,0,-20,8,32
16305,16,0,1436,0,-52,-26,-57,-26,175,130,0,9,0,1000,72,119,-82,-257,0,-57,-169,-14,-14,-14,-14,0,32,-3,-19,5,24
17116,17,64,1810,-5,-46,-36,-39,-42,-36,36,-83,-1,-2,1000,36,181,-45,-210,-77,-49,-69,-144,184,156,-177,0,35,-173,74,165,-59
17126,17,64,1844,52,-12,-72,-35,-46,192,27,254,7,66,1000,-96,173,152,-200,-133,-35,-102,-406,182,428,-121,0,35,-214,72,206,-54
17136,17,64,1887,109,-12,-82,-20,-65,82,77,42,7,-4,1000,-133,178,158,-233,-189,-15,-98,-665,182,701,-64,0,35,-229,72,214,-49
17146,17,64,1934,167,7,-98,8,-86,157,199,-22,5,-95,1000,-241,155,218,-222,-244,-9,-82,-927,178,969,-11,0,35,-254,67,229,-46
17156,17,64,1983,225,37,-105,31,-102,264,218,17,-10,-142,1000,-384,132,255,-133,-299,-8,-82,-1189,173,1234,39,0,35,-264,66,238,-30
17166,17,64,2033,282,51,-108,55,-113,173,226,-85,-9,-49,1000,-402,119,316,-84,-355,6,-97,-1449,171,1504,94,0,35,-270,65,246,-17
17176,17,64,2082,340,79,-112,81,-121,235,249,-41,-2,0,1000,-458,62,423,-17,-410,10,-91,-1712,167,1772,147,0,35,-277,55,254,-2
17186,17,64,2132,398,106,-145,106,-138,240,246,50,-21,-29,1000,-628,129,525,41,-465,-15,-32,-1981,155,2033,192,0,35,-287,67,260,12
17196,17,64,2182,455,142,-154,138,-148,308,283,52,-7,-27,1000,-710,37,671,102,-521,-26,-9,-2248,147,2297,241,0,35,-295,49,267,21
17206,17,64,2232,513,187,-185,164,-169,415,249,193,-31,-123,1000,-954,52,780,205,-576,-54,41,-2518,135,2556,286,0,35,-308,51,273,40
17216,17,64,2282,571,209,-201,193,-182,315,247,120,-28,11,1000,-1005,65,912,262,-632,-58,42,-2783,129,2822,336,0,35,-315,54,281,40
17226,17,64,2332,629,249,-231,224,-199,345,239,195,-53,-164,1000,-1266,59,975,324,-687,-66,51,-3049,121,3087,386,0,35,-329,54,289,41
17236,17,196,2383,686,345,-328,257,-232,876,250,927,72,719,1000,-1219,-21,1965,360,-743,-82,73,-3316,112,3350,433,0,35,-332,34,315,42
17246,17,64,2433,744,263,-213,279,-255,-236,224,-804,-83,-468,1000,-1404,-11,821,389,-798,-88,72,-3582,105,3615,483,0,35,-343,38,292,37
17256,17,64,2483,802,304,-228,293,-260,218,199,-146,-79,-373,1000,-1519,-64,978,483,-854,-80,47,-3843,102,3884,537,0,35,-352,29,302,37
17266,17,64,2533,860,369,-308,329,-273,483,254,399,-87,-498,1000,-1900,-41,1267,489,-909,-79,39,-4107,97,4151,589,0,35,-370,33,317,40
17276,17,196,2583,917,433,-385,356,-290,550,244,522,-78,-572,1000,-2217,-50,1609,487,-965,-93,58,-4374,88,4414,637,0,35,-386,29,332,41
17286,17,64,2629,975,436,-376,382,-316,210,242,-31,-72,-252,1000,-2134,-29,1669,560,-1020,-66,-15,-4631,89,4687,695,0,35,-387,40,345,47
17296,17,64,2651,1033,458,-386,426,-339,250,297,-8,-70,-280,1000,-2230,-85,1727,573,-1075,-36,-79,-4887,91,4962,754,0,35,-390,28,349,48
17306,17,64,2660,1090,490,-405,461,-373,278,251,-13,-65,4,1000,-2284,-70,1920,675,-1131,1,-123,-5141,95,5238,815,0,35,-392,35,357,51
17316,17,64,2663,1148,528,-410,485,-418,356,191,-26,-50,379,1000,-2300,-117,2120,801,-1186,24,-241,-5399,96,5511,873,0,35,-392,28,368,53
17326,17,64,2665,1206,588,-452,534,-436,474,268,179,-67,137,1000,-2629,-168,2272,868,-1242,94,-196,-5645,108,5795,942,0,35,-404,17,372,53
17336,17,64,2665,1264,632,-474,588,-460,500,353,127,-83,-85,1000,-2884,-239,2330,926,-1297,92,-203,-5909,102,6061,993,0,35,-412,11,377,53
17346,17,64,2666,1322,615,-456,640,-496,2,395,-556,-41,241,1000,-2630,-261,2437,910,-1353,104,-190,-6171,100,6332,1048,0,35,-404,7,378,52
17356,17,64,2666,1379,611,-473,648,-494,61,285,-196,-32,243,1000,-2618,-221,2505,859,-1408,109,-141,-6433,96,6599,1100,0,35,-403,2,378,52
17367,17,64,2666,1437,648,-504,654,-478,260,185,220,7,362,1000,-2645,-281,2810,864,-1464,100,-62,-6700,88,6866,1150,0,35,-404,0,385,51
17377,17,64,1764,671,703,-537,656,-520,452,52,-358,-20,112,1000,-2959,-307,2907,971,-525,-49,19,-2850,-357,2809,817,0,35,28,-55,-15,77
17387,17,196,1787,616,683,-479,700,-531,-71,220,565,-36,296,1000,-2781,-311,2730,1105,-482,26,19,-2599,-310,2597,768,0,35,39,-55,-39,67
17397,17,196,1827,553,603,-357,722,-545,-403,227,1036,-6,572,1000,-2162,-380,2434,1164,-433,-54,165,-2353,-297,2312,670,0,35,62,-56,-72,46
17407,17,192,1872,490,606,-356,708,-491,-155,15,164,-24,92,1000,-2321,-458,2279,1096,-383,-84,184,-2094,-272,2040,584,0,35,65,-54,-73,48
17417,17,192,1921,427,582,-341,660,-487,-233,-284,30,-11,201,1000,-2168,-439,2251,1064,-334,-108,202,-1834,-246,1769,500,0,35,75,-55,-85,44
17427,17,192,1970,364,518,-348,643,-475,-475,-199,149,14,-264,1000,-2075,-458,2058,696,-285,-108,173,-1567,-214,1504,423,0,35,83,-62,-91,46
17437,17,192,2020,301,506,-339,641,-433,-198,-82,-79,42,-116,1000,-1925,-479,2116,660,-235,-129,187,-1306,-187,1234,339,0,35,94,-63,-100,42
17447,17,192,2070,238,486,-282,613,-421,-246,-210,162,19,23,1000,-1768,-467,1921,807,-186,-162,218,-1048,-163,961,253,0,35,104,-55,-113,36
17457,17,192,2120,175,494,-232,582,-402,-72,-258,20,5,-113,1000,-1762,-607,1750,917,-137,-171,202,-784,-132,694,173,0,35,109,-47,-118,29
17467,17,192,2170,112,483,-249,553,-362,-118,-271,-285,-13,-134,1000,-1808,-502,1712,888,-87,-187,202,-522,-104,425,91,0,35,113,-47,-127,23
17477,17,64,2220,49,453,-244,527,-330,-205,-153,-35,-19,140,1000,-1667,-366,1677,893,-38,-191,179,-256,-73,159,13,0,35,122,-43,-134,21
17487,17,0,2270,0,402,-206,489,-289,-366,-134,226,-31,62,1000,-1506,-330,1414,825,0,-193,156,-48,-48,-48,-48,0,35,58,-5,-86,-41
17497,17,0,2320,0,353,-152,426,-232,-425,-286,0,-40,-239,1000,-1357,-391,1078,746,0,-218,179,-54,-54,-54,-54,0,35,43,-5,-78,-47
17507,17,0,2370,0,368,-209,361,-206,-90,-460,0,-37,-311,1000,-1524,-317,1233,649,0,-224,165,-56,-56,-56,-56,0,35,54,-12,-90,-42
17517,17,0,2420,0,363,-208,348,-201,-78,-251,0,7,-5,1000,-1362,-370,1379,589,0,-200,55,-50,-50,-50,-50,0,35,80,7,-73,-19
17527,17,0,2470,0,301,-182,359,-192,-406,6,0,-10,115,1000,-1169,-229,1141,522,0,-161,-13,-40,-40,-40,-40,0,35,71,5,-64,-14
17537,17,0,2520,0,267,-142,327,-174,-372,-111,0,-41,-105,1000,-1129,-233,826,508,0,-128,-48,-32,-32,-32,-32,0,35,63,7,-58,-17
17547,17,0,2570,0,252,-143,267,-140,-229,-327,0,-44,-118,1000,-1101,-188,779,469,0,-122,-49,-30,-30,-30,-30,0,35,52,-2,-66,-26
17557,17,0,2620,0,240,-143,235,-132,-155,-303,0,-32,-87,1000,-1038,-187,785,412,0,-108,-68,-27,-27,-27,-27,0,35,62,5,-58,-14
17567,17,0,2670,0,226,-124,226,-133,-153,-184,0,-15,31,1000,-913,-225,769,391,0,-98,-120,-24,-24,-24,-24,0,35,61,7,-55,-14
17577,17,0,2720,0,209,-131,210,-110,-167,-174,0,-12,81,1000,-867,-167,756,330,0,-62,-146,-15,-15,-15,-15,0,35,65,8,-52,-8
17587,17,0,2770,0,200,-120,187,-100,-120,-213,0,-8,53,1000,-818,-189,712,312,0,-42,-143,-10,-10,-10,-10,0,35,58,5,-56,-14
17597,17,0,2821,0,187,-101,184,-109,-157,-131,0,0,8,1000,-743,-237,641,282,0,-29,-156,-7,-7,-7,-7,0,35,61,11,-49,-10
17607,17,0,2871,0,158,-91,171,-88,-218,-119,0,-1,93,1000,-626,-169,572,249,0,-13,-148,-3,-3,-3,-3,0,35,54,8,-48,-10
17617,17,0,2921,0,147,-88,149,-76,-164,-170,0,-15,80,1000,-621,-116,500,248,0,-4,-148,-1,-1,-1,-1,0,35,55,8,-46,-8
17627,17,0,2971,0,145,-79,130,-72,-68,-192,0,-5,31,1000,-585,-167,490,232,0,-1,-132,0,0,0,0,0,35,54,10,-45,-9
17637,17,0,3021,0,134,-65,121,-55,-99,-160,0,1,48,1000,-500,-176,465,226,0,-14,-92,-3,-3,-3,-3,0,35,50,9,-45,-12
17647,17,0,3071,0,118,-71,111,-53,-108,-134,0,0,-37,1000,-485,-135,423,164,0,-25,-59,-6,-6,-6,-6,0,35,48,5,-46,-11
17657,17,0,3121,0,109,-48,99,-47,-107,-143,0,1,-9,1000,-402,-162,362,188,0,-28,-47,-7,-7,-7,-7,0,35,44,7,-43,-14
17667,17,0,3165,0,88,-44,86,-40,-147,-136,0,-5,-11,1000,-356,-104,286,154,0,-22,-49,-5,-5,-5,-5,0,35,42,6,-40,-11
17677,17,0,3186,0,64,-33,71,-28,-199,-137,0,0,106,1000,-226,-61,248,126,0,-18,-49,-4,-4,-4,-4,0,35,39,5,-36,-10
17687,17,0,3194,0,67,-26,57,-16,-65,-149,0,-2,-30,1000,-256,-105,196,125,0,-24,-32,-6,-6,-6,-6,0,35,38,6,-36,-12
18000,18,64,1801,-8,-3,0,0,0,-9,7,24,-1,27,1000,12,19,-8,0,5,-14,-4,29,1,-35,-14,0,35,184,-19,-172,6
18010,18,64,1825,-60,-6,13,0,0,-39,8,117,3,18,1000,57,-22,-35,2,58,-14,-4,272,1,-282,-57,0,35,201,-24,-180,3
18020,18,64,1864,-116,-40,40,-15,18,-187,-52,163,-10,54,1000,182,44,-201,6,114,-23,12,533,0,-552,-105,0,35,240,-14,-220,0
18030,18,64,1910,-173,-50,48,-39,40,-142,-142,-8,0,-71,1000,226,1,-239,-47,171,-46,55,790,-6,-824,-157,0,35,251,-28,-236,-19
18041,18,64,1958,-230,-60,57,-63,56,-121,-192,-76,2,-23,1000,301,21,-250,-41,228,-69,105,1047,-12,-1097,-209,0,35,253,-27,-243,-24
18051,18,64,2008,-286,-68,67,-81,69,-98,-202,-92,2,-114,1000,327,2,-309,-61,284,-99,133,1302,-20,-1371,-263,0,35,260,-32,-250,-27
18061,18,64,2057,-343,-92,76,-96,81,-196,-194,-22,1,-32,1000,429,57,-367,-83,341,-113,135,1561,-23,-1641,-312,0,35,271,-21,-257,-28
18071,18,64,2107,-399,-125,101,-118,96,-265,-200,83,-4,-62,1000,545,84,-527,-118,397,-124,135,1821,-26,-1911,-361,0,35,279,-17,-268,-35
18081,18,64,2157,-456,-156,123,-142,115,-334,-218,122,-15,-328,1000,589,75,-739,-203,454,-138,159,2080,-30,-2181,-411,0,35,281,-23,-281,-55
18091,18,64,2207,-512,-183,153,-172,133,-276,-238,101,-9,-224,1000,760,77,-834,-204,511,-160,160,2338,-35,-2453,-463,0,35,293,-23,-289,-54
18101,18,64,2258,-570,-212,169,-204,155,-278,-263,22,-9,-184,1000,871,112,-938,-251,568,-169,129,2600,-38,-2725,-512,0,35,303,-16,-298,-53
18111,18,64,2308,-626,-237,179,-220,182,-261,-184,-8,9,-131,1000,1001,105,-971,-336,624,-164,91,2864,-37,-2991,-557,0,35,312,-19,-304,-52
18121,18,64,2358,-683,-246,189,-243,187,-182,-204,-5,3,-190,1000,1009,89,-1056,-355,681,-152,47,3130,-34,-3255,-600,0,35,320,-22,-312,-52
18131,18,64,2408,-739,-307,249,-281,210,-413,-270,273,-18,-370,1000,1196,102,-1441,-402,737,-138,47,3394,-30,-3516,-642,0,35,331,-20,-330,-54
18141,18,64,2458,-795,-363,306,-309,230,-469,-252,385,6,-122,1000,1567,95,-1587,-444,794,-129,25,3659,-28,-3780,-686,0,35,347,-22,-341,-55
18151,18,64,2497,-852,-384,327,-343,268,-320,-220,174,22,99,1000,1741,95,-1606,-456,851,-96,-34,3930,-20,-4039,-724,0,35,356,-20,-343,-54
18161,18,64,2514,-909,-391,298,-375,314,-195,-236,-260,10,-124,1000,1629,158,-1631,-553,907,-110,-4,4190,-24,-4309,-774,0,35,351,-9,-344,-53
18171,18,64,2521,-965,-411,309,-411,322,-184,-296,-179,-23,-442,1000,1574,209,-1849,-573,964,-158,79,4440,-36,-4588,-832,0,35,345,-1,-352,-55
18181,18,64,2524,-1022,-434,326,-450,333,-224,-375,-126,7,-194,1000,1810,220,-1790,-593,1020,-194,132,4694,-45,-4864,-887,0,35,346,-2,-349,-58
18191,18,196,2525,-1078,-504,375,-451,359,-545,-114,414,43,30,1000,2224,228,-1932,-718,1077,-190,106,4958,-44,-5129,-932,0,35,358,-4,-355,-59
18201,18,64,2525,-1135,-529,401,-465,367,-322,-112,284,-2,-236,1000,2188,291,-2220,-691,1134,-229,161,5212,-54,-5407,-988,0,35,354,-3,-365,-60
18211,18,64,1668,-552,-579,436,-533,410,-395,-362,-67,-1,-216,1000,2406,336,-2401,-749,407,165,195,2329,384,-2221,-689,0,35,-43,49,9,-78
18221,18,196,1696,-490,-524,334,-589,439,243,-450,1041,-23,-620,1000,1920,406,-2187,-842,361,-44,215,2020,293,-2020,-660,0,35,-63,30,0,-85
18231,18,196,1737,-426,-486,261,-594,426,223,-175,642,34,-337,1000,1846,390,-1736,-958,314,-248,112,1702,202,-1807,-625,0,35,-70,34,41,-63
18241,18,192,1784,-361,-485,248,-552,392,140,199,38,31,-491,1000,1743,358,-1777,-1042,266,-211,-5,1445,172,-1534,-531,0,35,-78,37,64,-50
18251,18,192,1832,-297,-479,252,-516,371,105,268,-186,16,-430,1000,1689,353,-1823,-1001,219,-161,-126,1190,144,-1258,-433,0,35,-85,38,74,-46
18261,18,192,1882,-233,-395,280,-513,364,586,116,248,-31,229,1000,1550,351,-1669,-471,171,-91,-220,941,121,-976,-331,0,35,-94,51,92,-43
18271,18,192,1932,-168,-408,246,-512,350,140,74,81,-6,-24,1000,1498,325,-1634,-706,124,-28,-273,690,97,-697,-230,0,35,-101,44,100,-39
18281,18,192,1982,-104,-389,198,-494,329,178,150,144,3,-224,1000,1328,321,-1500,-813,76,-4,-263,430,63,-427,-138,0,35,-112,34,105,-33
18291,18,64,2032,-39,-356,157,-448,282,288,176,255,27,-143,1000,1235,304,-1244,-829,29,9,-250,166,26,-160,-50,0,35,-120,28,116,-24
18301,18,0,2082,0,-350,147,-406,231,173,206,0,15,-212,1000,1153,323,-1253,-824,0,34,-257,8,8,8,8,0,35,-60,-13,60,26
18311,18,0,2132,0,-343,178,-359,184,100,305,0,26,-37,1000,1265,253,-1238,-724,0,47,-247,11,11,11,11,0,35,-65,-8,66,22
18321,18,0,2182,0,-302,172,-324,169,288,287,0,9,-132,1000,1088,196,-1182,-601,0,62,-212,15,15,15,15,0,35,-63,-6,61,16
18331,18,0,2232,0,-294,161,-316,174,186,140,0,17,-144,1000,1073,192,-1111,-610,0,58,-167,14,14,14,14,0,35,-68,-11,56,13
18342,18,0,2282,0,-275,153,-289,154,154,174,0,6,-157,1000,988,196,-1066,-545,0,53,-131,13,13,13,13,0,35,-63,-8,57,15
18352,18,0,2332,0,-261,133,-254,143,168,276,0,9,-44,1000,955,240,-942,-514,0,46,-96,11,11,11,11,0,35,-62,-11,54,15
18362,18,0,2382,0,-237,132,-240,136,191,191,0,8,-54,1000,880,189,-887,-450,0,40,-96,10,10,10,10,0,35,-56,-6,55,16
18372,18,0,2432,0,-216,113,-227,121,192,137,0,9,-146,1000,775,166,-809,-446,0,31,-67,7,7,7,7,0,35,-54,-8,51,15
18382,18,0,2482,0,-174,83,-203,110,350,168,0,-26,-366,1000,473,174,-776,-366,0,28,-53,7,7,7,7,0,35,-46,-8,43,14
18392,18,0,2532,0,-133,76,-174,95,364,165,0,-27,-458,1000,327,74,-689,-286,0,29,-47,7,7,7,7,0,35,-41,-5,39,10
18402,18,0,2582,0,-158,78,-152,85,-11,168,0,-31,-112,1000,467,219,-683,-263,0,51,-79,12,12,12,12,0,35,-43,-4,45,16
18412,18,0,2632,0,-145,90,-136,82,57,171,0,7,-152,1000,526,51,-599,-299,0,62,-87,15,15,15,15,0,35,-42,0,47,15
18422,18,0,2682,0,-145,105,-128,83,21,144,0,17,-65,1000,604,16,-583,-266,0,60,-70,15,15,15,15,0,35,-46,0,50,12
18432,18,0,2732,0,-133,83,-122,78,70,111,0,-2,-11,1000,508,116,-528,-209,0,41,-26,10,10,10,10,0,35,-45,-3,45,12
18442,18,0,2782,0,-118,78,-109,68,98,140,0,-2,-116,1000,438,71,-498,-197,0,29,-2,7,7,7,7,0,35,-45,-3,42,9
18452,18,0,2832,0,-106,75,-97,65,124,149,0,0,-82,1000,419,62,-444,-158,0,13,28,3,3,3,3,0,35,-46,-5,39,6
18462,18,0,2882,0,-96,73,-91,62,100,97,0,0,-62,1000,408,56,-397,-124,0,-12,71,-3,-3,-3,-3,0,35,-48,-7,36,2
18472,18,0,2932,0,-89,61,-83,55,102,104,0,5,11,1000,391,69,-322,-119,0,-12,61,-3,-3,-3,-3,0,35,-46,-8,34,2
18482,18,0,2982,0,-75,61,-70,50,108,129,0,5,-48,1000,330,14,-314,-105,0,0,27,0,0,0,0,0,35,-44,-5,35,3
18492,18,0,3033,0,-58,48,-58,44,129,117,0,10,-35,1000,272,-4,-231,-94,0,1,20,0,0,0,0,0,35,-40,-5,32,3
18502,18,0,3083,0,-42,39,-46,37,148,114,0,1,64,1000,214,22,-169,-21,0,1,18,0,0,0,0,0,35,-37,-4,29,2
19278,19,64,1801,-24,-29,33,-33,26,45,20,-21,0,54,1000,173,16,-117,12,14,80,58,115,44,-72,-20,0,35,-131,0,156,43
19288,19,0,1825,0,-9,8,-29,27,153,14,0,1,8,1000,58,9,-26,-2,0,268,39,67,67,67,67,0,35,75,68,63,78
19298,19,0,1864,0,2,3,-13,14,107,68,0,-1,48,1000,31,25,28,50,0,657,88,164,164,164,164,0,35,150,135,119,153
19308,19,0,1910,0,-24,27,-1,12,-95,113,0,5,221,1000,287,138,45,130,0,1247,403,311,311,311,311,0,35,203,187,174,213
19318,19,0,1958,0,-11,9,-4,18,65,52,0,0,150,1000,368,327,271,311,0,2017,1136,504,504,504,504,0,35,239,214,198,246
19328,19,0,2008,0,17,13,-7,16,205,-14,0,-1,156,1000,548,504,578,652,0,2817,2138,704,704,704,704,0,35,245,222,200,246
19338,19,0,2057,0,23,30,1,17,130,9,0,7,238,1000,880,726,872,980,0,3617,3249,904,904,904,904,0,35,245,227,204,244
19348,19,0,2107,0,30,24,11,21,97,21,0,1,272,1000,1130,1029,1182,1289,0,4418,4378,1104,1104,1104,1104,0,35,247,229,204,244
19359,19,0,2157,0,0,30,8,20,-146,-28,0,-3,414,1000,1507,1391,1378,1524,0,5219,5412,1304,1304,1304,1304,0,35,244,229,211,249
19369,19,0,2208,0,-23,73,-11,33,-134,-94,0,-26,326,1000,1831,1631,1386,1815,0,6024,6402,1506,1506,1506,1506,0,35,237,236,223,248
19379,19,0,2258,0,-26,102,-17,46,-121,-81,0,15,1008,1000,2401,1885,1835,2191,0,6824,7394,1706,1706,1706,1706,0,35,235,243,231,246
19389,19,0,2307,0,8,49,20,57,108,172,0,-9,1942,1000,2387,2218,2214,2472,0,7619,7394,1904,1904,1904,1904,0,35,269,261,241,272
19399,19,0,2358,0,15,40,8,54,72,-30,0,1,1760,1000,2555,2382,2460,2634,0,8419,8306,2104,2104,2104,2104,0,35,275,264,243,275
19409,19,0,2408,0,86,72,-8,58,479,-236,0,75,1562,1000,2748,2121,2901,2898,0,9220,9171,2305,2305,2305,2305,0,35,283,282,245,266
19419,19,0,2458,0,4,5,-5,27,-264,-180,0,119,1733,1000,3187,2613,3225,2699,0,10020,9996,2505,2505,2505,2505,0,35,288,270,250,290
19429,19,0,2508,0,-36,84,3,61,-294,14,0,100,1833,1000,3616,2779,3106,2987,0,10820,10729,2705,2705,2705,2705,0,35,279,284,273,291
19439,19,0,2558,0,-60,34,-6,84,-297,-40,0,90,1956,1000,3796,3212,3373,3081,0,11621,11536,2905,2905,2905,2905,0,35,288,281,275,307
19449,19,64,1480,-10,18,45,-18,54,296,-158,194,47,2617,1000,3850,3446,3770,3752,25,12186,12241,3124,3012,2961,3065,0,35,18,231,278,88
19459,19,0,1511,0,27,-13,-33,43,204,-273,0,26,1824,1000,3636,3580,3839,3671,0,11937,12891,2984,2984,2984,2984,0,35,64,88,64,61
19469,19,64,1554,0,21,-18,-17,19,-11,-138,0,24,925,1000,3516,3491,3714,3530,0,11488,13309,2872,2872,2872,2872,0,35,4,38,15,3
19479,19,64,1601,0,31,-77,15,-6,99,115,0,-37,-321,1000,2882,3396,3359,3214,0,10838,13104,2709,2709,2709,2709,0,35,-9,14,-10,-11
19489,19,64,1650,0,-21,-8,3,-27,-273,-25,0,-3,-372,1000,3092,3139,3017,2989,0,10043,12603,2510,2510,2510,2510,0,36,-23,16,1,-16
19499,19,64,1689,0,-29,51,-53,-1,-154,-357,0,5,-344,1000,3092,2834,2725,2909,0,9244,11951,2311,2311,2311,2311,0,36,-25,25,11,-17
19509,19,64,1706,0,-42,17,-77,19,-138,-322,0,-5,-154,1000,2909,2845,2616,2704,0,8443,11244,2110,2110,2110,2110,0,36,-31,13,0,-20
19519,19,64,1712,0,-63,1,-56,2,-169,-8,0,30,98,1000,2915,2745,2593,2437,0,7643,10592,1910,1910,1910,1910,0,36,-30,7,0,-19
19529,19,64,1427,0,-110,-34,-49,-22,-322,106,0,67,-441,1000,2768,2564,2379,1878,0,6842,10001,1710,1710,1710,1710,0,36,26,43,42,30
19539,19,64,1233,0,-114,16,-80,-10,-146,-62,0,66,90,1000,2867,2445,2238,1958,0,6042,9431,1510,1510,1510,1510,0,36,29,51,48,31
19549,19,64,1154,0,-88,26,-106,8,47,-175,0,-1,512,1000,2674,2535,2110,2196,0,5241,9027,1310,1310,1310,1310,0,36,23,55,40,31
19559,19,64,1123,0,-76,44,-98,13,80,-60,0,2,267,1000,2546,2315,1967,2117,0,4440,8717,1110,1110,1110,1110,0,36,19,51,35,25
19569,19,64,1110,0,-104,18,-91,30,-148,-15,0,-41,418,1000,2443,2514,1818,2050,0,3640,8422,910,910,910,910,0,36,16,52,28,26
19579,19,64,1104,0,-86,36,-108,27,32,-141,0,-16,553,1000,2433,2318,1832,2032,0,2841,8094,710,710,710,710,0,36,15,48,27,22
19589,19,64,1102,0,-81,58,-108,16,26,-99,0,39,294,1000,2435,1976,1785,1821,0,2040,7775,510,510,510,510,0,36,15,40,27,13
19599,19,64,1101,0,-89,22,-79,54,-11,99,0,8,429,1000,2289,2120,1742,1764,0,1250,7505,312,312,312,312,0,36,11,39,20,12
19609,19,64,1101,0,-76,37,-90,32,78,-52,0,12,480,1000,2225,1978,1676,1752,0,631,7186,157,157,157,157,0,36,9,36,18,10
19619,19,64,1101,0,-87,74,-116,50,14,-218,0,-46,-278,1000,2008,1870,1230,1732,0,214,7186,53,53,53,53,0,36,2,37,8,10
19629,19,64,1101,0,-52,65,-99,48,211,-83,0,-22,-312,1000,1858,1664,1306,1669,0,0,6868,0,0,0,0,0,36,-2,30,6,3
19639,19,64,1101,0,-50,35,-64,36,86,99,0,-6,-47,1000,1803,1665,1395,1557,0,0,6499,0,0,0,0,0,36,-3,26,5,0
19649,19,64,1101,0,-61,39,-56,57,-34,62,0,7,183,1000,1848,1620,1366,1478,0,0,6165,0,0,0,0,0,36,-2,26,7,0
19659,19,64,1101,0,-23,40,-51,37,207,9,0,22,-223,1000,1600,1314,1313,1375,0,0,5863,0,0,0,0,0,36,-10,16,1,-8
19669,19,64,1101,0,-45,92,-40,47,-81,27,0,58,-320,1000,1725,1041,1119,1228,0,0,5516,0,0,0,0,0,36,-6,16,6,-10
19680,19,64,1101,0,-62,72,-48,66,-115,-33,0,23,74,1000,1665,1221,1046,1224,0,0,5147,0,0,0,0,0,36,-8,19,4,-7
19690,19,64,1101,0,-63,46,-55,51,-70,-57,0,2,85,1000,1488,1255,968,1130,0,0,4797,0,0,0,0,0,36,-13,16,-1,-9
19700,19,64,1101,0,-55,38,-47,40,19,34,0,1,82,1000,1375,1180,926,1061,0,0,4493,0,0,0,0,0,36,-17,13,-3,-12
19710,19,64,1101,0,-54,7,-41,36,21,60,0,-12,32,1000,1191,1195,879,946,0,0,4185,0,0,0,0,0,36,-23,8,-10,-15
19720,19,64,1101,0,-52,11,-46,26,52,12,0,12,162,1000,1198,1074,885,855,0,0,3860,0,0,0,0,0,36,-23,5,-8,-18
19730,19,64,1101,0,-76,-18,-55,18,-105,-20,0,46,-93,1000,1133,968,838,517,0,0,3534,0,0,0,0,0,36,-25,-4,-11,-23
19740,19,64,1101,0,-66,-17,-58,7,27,4,0,13,-201,1000,933,918,673,510,0,0,3221,0,0,0,0,0,36,-31,-6,-18,-24
19750,19,64,1101,0,-55,4,-54,4,84,35,0,5,-69,1000,882,817,583,556,0,0,2912,0,0,0,0,0,36,-33,-4,-18,-26
19760,19,64,1101,0,-36,12,-48,6,143,36,0,2,161,1000,817,741,577,608,0,0,2593,0,0,0,0,0,36,-35,-5,-19,-28
19770,19,64,1101,0,-41,4,-45,4,12,9,0,-1,97,1000,714,683,481,494,0,0,2281,0,0,0,0,0,36,-38,-10,-23,-31
19780,19,64,1101,0,-39,-1,-44,3,41,14,0,-2,158,1000,627,632,429,421,0,0,1950,0,0,0,0,0,36,-41,-15,-26,-34
19790,19,64,1101,0,-35,1,-35,0,22,47,0,-2,183,1000,551,541,363,369,0,0,1643,0,0,0,0,0,36,-44,-18,-28,-37
19800,19,64,1101,0,-41,1,-32,-2,-20,46,0,4,252,1000,519,477,304,275,0,0,1324,0,0,0,0,0,36,-45,-21,-28,-37
19810,19,64,1101,0,-33,0,-32,-2,44,24,0,-9,175,1000,364,400,195,225,0,0,1009,0,0,0,0,0,36,-50,-27,-33,-42
19820,19,64,1101,0,-25,-7,-27,-5,58,40,0,-7,305,1000,290,349,190,181,0,0,697,0,0,0,0,0,36,-52,-33,-37,-48
19830,19,64,1101,0,-25,-2,-18,-8,12,75,0,2,287,1000,239,227,118,87,0,0,383,0,0,0,0,0,36,-54,-35,-39,-55
20143,20,0,1800,-5,-10,7,0,1,-61,-3,0,5,20,1000,-45,-106,-126,-127,3,-428,-420,-83,-102,-129,-115,0,36,-150,-46,76,-22
20153,20,0,1819,0,3,1,-1,3,37,-9,0,3,-44,1000,-104,-125,-89,-100,0,-578,-372,-144,-144,-144,-144,0,36,-90,-84,-71,-94
20163,20,0,1856,0,7,-3,3,-2,35,11,0,-9,-227,1000,-188,-126,-133,-104,0,-928,-328,-232,-232,-232,-232,0,36,-153,-141,-124,-159
20173,20,0,1901,0,-2,-1,4,-2,-71,9,0,5,-411,1000,-210,-229,-212,-244,0,-1482,-487,-370,-370,-370,-370,0,36,-208,-186,-167,-211
20183,20,0,1949,0,-7,-17,-2,-4,-37,-20,0,0,-513,1000,-386,-318,-350,-429,0,-2223,-986,-555,-555,-555,-555,0,36,-250,-225,-205,-252
20193,20,0,1998,0,1,-31,-2,-11,50,-3,0,-6,-743,1000,-708,-544,-569,-673,0,-3024,-1779,-756,-756,-756,-756,0,36,-256,-235,-217,-259
20203,20,0,2047,0,-7,-41,-5,-22,-50,-34,0,-19,-924,1000,-1017,-754,-884,-974,0,-3825,-2742,-956,-956,-956,-956,0,36,-260,-243,-223,-261
20213,20,0,2097,0,-13,-41,-1,-27,-37,36,0,12,-829,1000,-1184,-1071,-1074,-1312,0,-4624,-3848,-1156,-1156,-1156,-1156,0,36,-262,-246,-225,-261
20223,20,0,2147,0,-16,-5,-1,-34,-26,25,0,-7,-820,1000,-1423,-1370,-1483,-1478,0,-5425,-4939,-1356,-1356,-1356,-1356,0,36,-268,-244,-222,-267
20233,20,0,2197,0,-29,-24,-20,-24,-121,-117,0,-22,-877,1000,-1734,-1539,-1785,-1798,0,-6226,-6000,-1556,-1556,-1556,-1556,0,36,-269,-251,-226,-264
20243,20,0,2247,0,-34,-69,-49,-23,-10,-210,0,-22,-915,1000,-2044,-1657,-1931,-2139,0,-7027,-6918,-1756,-1756,-1756,-1756,0,36,-268,-263,-237,-260
20253,20,0,2297,0,-3,-130,-28,-40,114,-9,0,66,-1070,1000,-2310,-2063,-1749,-2615,0,-7827,-7783,-1956,-1956,-1956,-1956,0,36,-261,-275,-256,-260
20263,20,0,2347,0,-80,-169,-6,-79,-418,148,0,88,-1804,1000,-2503,-2218,-2160,-3325,0,-8628,-8553,-2157,-2157,-2157,-2157,0,36,-272,-297,-261,-251
20273,20,0,2398,0,-60,-70,-20,-98,-48,7,0,57,-1497,1000,-2573,-2559,-2559,-3149,0,-9428,-9405,-2357,-2357,-2357,-2357,0,36,-289,-289,-257,-272
20283,20,0,2448,0,-26,-53,-48,-96,229,-196,0,38,-1382,1000,-2862,-2821,-2753,-3173,0,-10229,-10274,-2557,-2557,-2557,-2557,0,36,-293,-289,-264,-283
20293,20,0,2498,0,-15,-37,-48,-71,131,-174,0,62,-1519,1000,-3049,-3184,-2945,-3402,0,-11029,-11094,-2757,-2757,-2757,-2757,0,36,-300,-293,-271,-293
20303,20,0,2548,0,-36,-123,-20,-71,-81,44,0,39,-2247,1000,-3568,-3241,-3214,-3937,0,-11830,-11824,-2957,-2957,-2957,-2957,0,36,-300,-316,-289,-286
20313,20,0,1483,-77,-82,-114,-15,-92,-296,51,0,67,-2613,1000,-3655,-3509,-3564,-4393,-122,-12603,-12609,-3173,-2678,-3044,-3597,0,36,-127,-265,-185,-49
20323,20,64,1504,-43,-52,-27,-55,-126,75,-258,837,58,-1950,1000,-3650,-3823,-3780,-4187,-68,-12455,-13518,-3126,-2851,-3054,-3362,0,36,-115,-276,-179,-31
20333,20,64,1542,-3,14,86,-67,-90,440,-332,1211,88,-1568,1000,-3568,-4340,-3832,-3864,-5,-12106,-13958,-3027,-3005,-3021,-3047,0,36,-84,-227,-138,-16
20344,20,64,1588,0,45,87,-24,17,288,57,0,44,-1072,1000,-3605,-4169,-3732,-3546,0,-11549,-13903,-2887,-2887,-2887,-2887,0,36,-13,-36,-23,-18
20354,20,64,1636,0,9,47,-6,24,-116,59,0,-5,-243,1000,-3423,-3598,-3579,-3346,0,-10808,-13662,-2702,-2702,-2702,-2702,0,36,3,-30,-13,7
20364,20,64,1683,0,-46,35,-45,-52,-356,-219,0,-19,358,1000,-3173,-3250,-3566,-3345,0,-10014,-13662,-2503,-2503,-2503,-2503,0,36,0,-35,-12,14
20374,20,64,1709,0,-95,36,-53,37,-412,-88,0,-6,477,1000,-2824,-2982,-3466,-3316,0,-9213,-13034,-2303,-2303,-2303,-2303,0,36,-3,-38,-9,14
20384,20,64,1720,0,-104,52,-79,45,-234,-104,0,42,718,1000,-2434,-2893,-3178,-3185,0,-8413,-12363,-2103,-2103,-2103,-2103,0,36,5,-32,2,19
20394,20,64,1622,0,-72,78,-75,-10,140,29,0,0,1101,1000,-2317,-2678,-3021,-2709,0,-7612,-11756,-1903,-1903,-1903,-1903,0,36,-36,-61,-39,-27
20404,20,64,1317,0,-72,39,-103,53,15,-198,0,29,632,1000,-2291,-2620,-2818,-2810,0,-6812,-11137,-1703,-1703,-1703,-1703,0,36,-33,-67,-41,-31
20414,20,64,1193,0,-72,-8,-110,60,0,-140,0,13,127,1000,-2380,-2435,-2709,-2833,0,-6011,-10492,-1502,-1502,-1502,-1502,0,36,-35,-69,-47,-31
20424,20,64,1142,0,-68,0,-82,-7,-6,84,0,18,-177,1000,-2338,-2448,-2679,-2793,0,-5211,-10081,-1302,-1302,-1302,-1302,0,36,-32,-67,-45,-30
20434,20,64,1122,0,-121,-38,-78,2,-359,64,0,33,-597,1000,-2257,-2293,-2701,-3063,0,-4411,-9751,-1102,-1102,-1102,-1102,0,36,-35,-72,-51,-38
20444,20,64,1114,0,-60,-32,-109,6,149,-209,0,6,-507,1000,-2365,-2279,-2533,-2726,0,-3611,-9425,-902,-902,-902,-902,0,36,-29,-62,-44,-28
20454,20,64,1110,0,-98,-22,-103,-12,-210,-88,0,4,-350,1000,-2135,-2099,-2543,-2695,0,-2810,-9140,-702,-702,-702,-702,0,36,-26,-57,-42,-27
20464,20,64,1109,0,-73,-108,-74,-20,126,151,0,-3,324,1000,-2141,-1685,-2053,-2526,0,-2009,-8828,-502,-502,-502,-502,0,36,-21,-50,-35,-22
20474,20,64,1108,0,-50,-119,-71,-42,273,52,0,28,316,1000,-2070,-1708,-1808,-2466,0,-1228,-8474,-307,-307,-307,-307,0,36,-15,-48,-27,-20
20484,20,64,1108,0,-70,-43,-89,-76,113,-111,0,4,-145,1000,-1969,-1831,-2141,-2371,0,-615,-8206,-153,-153,-153,-153,0,36,-14,-45,-29,-17
20494,20,64,1108,0,-64,-20,-96,-46,143,-144,0,8,-246,1000,-1879,-1857,-2118,-2272,0,-203,-7899,-50,-50,-50,-50,0,36,-10,-42,-25,-14
20504,20,64,1108,0,-44,-47,-80,-22,210,-11,0,-6,-300,1000,-1940,-1725,-1967,-2157,0,0,-7530,0,0,0,0,0,36,-10,-39,-23,-10
20514,20,64,1108,0,-39,-27,-49,-50,85,109,0,-17,-21,1000,-1793,-1607,-1878,-1931,0,0,-7212,0,0,0,0,0,36,-5,-32,-18,-3
20524,20,64,1108,0,-66,-31,-51,-50,-76,18,0,-17,-188,1000,-1696,-1506,-1908,-1986,0,0,-6938,0,0,0,0,0,36,-5,-33,-20,-5
20534,20,64,1108,0,-49,-36,-72,-27,88,-133,0,-13,-398,1000,-1712,-1512,-1810,-1923,0,0,-6592,0,0,0,0,0,36,-4,-32,-17,-3
20544,20,64,1108,0,-41,-7,-62,-20,78,-24,0,7,-339,1000,-1531,-1546,-1706,-1787,0,0,-6239,0,0,0,0,0,36,2,-29,-10,0
20554,20,64,1108,0,-24,18,-25,-25,99,167,0,-5,-153,1000,-1424,-1489,-1633,-1537,0,0,-5912,0,0,0,0,0,36,8,-21,-3,8
20564,20,64,1108,0,-44,-10,-19,-17,-96,103,0,-12,-260,1000,-1378,-1292,-1561,-1566,0,0,-5546,0,0,0,0,0,36,6,-22,-5,7
20574,20,64,1108,0,-38,-9,-36,-3,18,-32,0,-7,-430,1000,-1337,-1279,-1496,-1517,0,0,-5209,0,0,0,0,0,36,8,-22,-3,9
20584,20,64,1108,0,-45,9,-48,-5,-51,-90,0,-11,-376,1000,-1204,-1209,-1479,-1403,0,0,-4909,0,0,0,0,0,36,11,-17,0,13
20594,20,64,1108,0,-36,0,-41,3,85,18,0,-9,20,1000,-1139,-1115,-1334,-1302,0,0,-4909,0,0,0,0,0,36,14,-15,3,16
