t_ms,tcs_on,slip,target_vx,cmd_vx,odom_vx,odom_vy,ground_vx,ground_vy,a_odom_x_cm,a_imu_x_cm,accel_res_cm,geom_res_x10,rot_res_mrad,accel_gain_x1000,w0_x100,w1_x100,w2_x100,w3_x100,cmd_vy,cmd_w_mrad,gyro_mrad,t0_x100,t1_x100,t2_x100,t3_x100,rx_stall,rx_restart,v0_x100,v1_x100,v2_x100,v3_x100
10,1,64,1526,474,5,4,2,1,39,2,36,-3,21,1000,-9,-12,-1,38,0,0,0,-1294,-1120,1116,1297,0,0,-160,-141,135,167
20,1,64,1596,554,39,11,16,4,200,52,148,-2,4,1000,-90,-111,63,140,0,-4,7,-1513,-1310,1304,1514,0,0,-192,-175,157,202
30,1,64,1684,634,76,2,52,3,287,190,97,-27,31,1000,-236,-93,133,299,0,-42,72,-1741,-1508,1483,1723,0,0,-234,-189,179,233
40,1,64,1779,714,107,7,88,5,322,260,61,-30,-18,1000,-319,-168,187,400,0,-77,125,-1968,-1705,1663,1933,0,0,-246,-214,193,240
50,1,64,1877,794,125,23,123,9,258,304,-45,-14,235,1000,-236,-224,298,512,0,-92,134,-2191,-1898,1847,2148,0,0,-254,-225,202,243
60,1,64,1977,874,161,11,158,14,295,316,-21,-12,135,1000,-359,-290,406,576,0,-140,208,-2421,-2098,2024,2354,0,0,-268,-239,205,248
70,1,64,2076,954,211,44,183,15,440,248,191,-31,270,1000,-417,-382,458,874,0,-205,301,-2656,-2303,2197,2556,0,0,-280,-242,208,248
80,1,64,2176,1034,247,19,218,20,369,254,115,-34,123,1000,-608,-442,553,888,0,-227,283,-2880,-2497,2380,2770,0,1,-296,-260,224,271
90,1,196,2276,1114,328,18,263,26,711,308,402,-58,117,1000,-883,-569,691,1162,0,-259,299,-3107,-2693,2561,2980,0,1,-315,-275,235,285
100,1,196,2376,1194,405,22,296,31,723,312,410,-93,129,1000,-1157,-672,780,1457,0,-282,298,-3331,-2888,2744,3193,0,1,-335,-288,247,302
110,1,192,2476,1274,449,10,324,29,539,297,242,-98,26,1000,-1328,-753,883,1548,0,-322,332,-3560,-3086,2922,3401,0,1,-350,-302,250,308
120,1,197,2533,1354,579,-15,365,25,1051,378,672,-194,-130,1000,-1965,-787,984,2027,0,-365,375,-3789,-3286,3100,3609,0,1,-371,-316,251,323
131,1,197,2557,1434,698,-67,419,29,1092,465,626,-292,-584,1000,-2690,-791,1055,2375,0,-428,472,-4024,-3490,3273,3812,0,1,-396,-337,247,338
141,1,129,1593,668,655,-124,453,28,50,367,0,-289,-423,1000,-2626,-515,1142,2187,-120,498,500,-1932,-1167,1985,1719,0,1,-82,-82,60,79
151,1,196,1630,610,602,-52,466,39,-259,242,527,-108,-827,1000,-2067,-1117,1186,1685,-110,368,467,-1787,-1087,1792,1549,0,1,37,-5,-95,-50
161,1,196,1705,532,432,5,497,50,-1171,272,1479,-21,-562,1000,-1262,-1027,905,1188,-96,38,371,-1627,-1018,1490,1279,0,1,16,-24,-114,-87
171,1,196,1794,453,357,20,500,13,-872,86,1025,-19,-355,1000,-1018,-883,705,1013,-81,-346,189,-1481,-962,1175,995,0,1,42,-8,-131,-99
181,1,192,1890,374,327,62,433,-10,-506,-356,234,-26,-111,1000,-893,-913,498,1009,-67,-463,-131,-1268,-839,926,777,0,1,121,52,-136,-96
191,1,192,1989,295,270,49,381,33,-582,-441,114,-61,135,1000,-830,-658,314,909,-53,-335,-357,-992,-654,737,620,0,1,133,64,-102,-52
201,1,192,2089,216,244,27,350,41,-325,-368,-74,-50,121,1000,-795,-590,312,753,-39,-159,-417,-705,-457,562,476,0,1,144,66,-114,-58
211,1,64,2188,138,256,29,295,15,-137,-389,-229,-33,99,1000,-795,-669,372,748,-24,-86,-417,-447,-288,363,308,0,1,154,69,-139,-83
221,1,64,2288,59,210,26,266,40,-314,-233,56,-15,126,1000,-628,-590,325,587,-10,-58,-407,-197,-129,150,127,0,1,170,86,-154,-101
231,1,0,2388,0,155,45,220,38,-428,-252,187,-35,-55,1000,-520,-492,66,483,0,-49,-366,-12,-12,-12,-12,0,1,10,19,1,-12
241,1,0,2488,0,108,27,150,33,-467,-426,0,-57,-29,1000,-460,-270,-45,376,0,-32,-345,-8,-8,-8,-8,0,1,4,10,1,-6
251,1,0,2588,0,141,20,99,34,-4,-488,0,-30,62,1000,-487,-381,138,415,0,3,-359,0,0,0,0,0,1,14,17,0,-6
261,1,0,2688,0,137,32,105,30,-32,-221,0,0,87,1000,-380,-465,179,375,0,25,-348,6,6,6,6,0,1,18,25,6,-1
271,1,0,2788,0,113,13,121,20,-145,0,0,-19,-127,1000,-423,-351,89,279,0,-1,-265,0,0,0,0,0,1,7,10,-3,-8
281,1,0,2889,0,96,27,97,20,-147,-147,0,-14,34,1000,-286,-301,79,304,0,-1,-212,0,0,0,0,0,1,10,17,6,-1
291,1,0,2989,0,84,34,78,22,-121,-165,0,-6,108,1000,-210,-295,68,278,0,29,-237,7,7,7,7,0,1,8,17,7,-1
301,1,0,3089,0,75,27,80,19,-103,-51,0,5,67,1000,-191,-303,79,201,0,59,-256,14,14,14,14,0,1,12,19,10,3
311,1,0,3189,0,62,11,70,16,-118,-71,0,4,-15,1000,-193,-238,77,133,0,46,-196,11,11,11,11,0,1,10,14,8,4
321,1,0,3289,0,53,23,53,14,-94,-124,0,-1,9,1000,-133,-205,39,166,0,21,-120,5,5,5,5,0,1,4,11,7,0
634,2,0,1500,-6,-2,-3,0,-3,-11,2,0,-7,14,1000,-11,35,-11,6,-1,-6,1,12,16,-13,-21,0,1,78,69,-80,-96
644,2,64,1537,-71,-5,0,1,-2,-43,13,56,1,-53,1000,3,-2,-19,-32,-1,-9,1,189,169,-167,-199,0,1,160,140,-137,-169
654,2,64,1612,-151,-50,0,-14,-1,-262,-49,213,-16,-119,1000,72,130,-191,-131,-1,-8,0,408,357,-355,-417,0,1,189,181,-174,-203
664,2,64,1701,-231,-94,-2,-60,0,-384,-240,143,-33,5,1000,180,311,-302,-195,-1,0,-14,629,548,-542,-634,0,1,229,213,-195,-234
674,2,64,1797,-311,-129,0,-114,-5,-358,-373,-15,-39,-111,1000,234,373,-435,-304,-1,3,-20,848,737,-730,-851,0,1,245,226,-209,-249
684,2,64,1896,-391,-147,6,-152,-9,-249,-365,-116,-19,-78,1000,342,350,-439,-377,-1,10,-38,1068,928,-917,-1068,0,1,259,238,-212,-256
694,2,64,1996,-472,-180,-18,-177,-14,-334,-314,20,0,-38,1000,441,454,-400,-542,-1,14,-23,1290,1119,-1106,-1287,0,1,272,243,-231,-275
704,2,64,2095,-552,-222,-22,-211,-12,-396,-317,78,-28,-20,1000,500,643,-547,-598,-1,8,-1,1507,1306,-1296,-1507,0,1,284,255,-245,-287
714,2,196,2195,-631,-338,-67,-259,-19,-896,-355,541,-117,345,1000,631,1335,-843,-718,-1,1,-1,1722,1491,-1485,-1726,0,1,298,265,-259,-285
724,2,192,2295,-711,-407,-69,-293,-28,-695,-346,349,-105,549,1000,871,1503,-941,-905,-1,49,-85,1953,1691,-1662,-1932,0,1,316,279,-268,-295
734,2,64,2395,-791,-423,-8,-347,-20,-418,-359,59,-71,268,1000,1031,1237,-1110,-976,-1,61,-94,2174,1883,-1848,-2148,0,2,331,301,-279,-324
744,2,197,2495,-871,-604,7,-415,-5,-1218,-479,738,-195,49,1000,1250,1894,-1925,-1215,0,35,-36,2387,2065,-2043,-2373,0,2,348,325,-306,-350
754,2,192,2595,-951,-593,50,-440,-12,-467,-340,126,-121,-400,1000,1350,1473,-1926,-1370,0,33,-27,2605,2253,-2232,-2592,0,2,352,333,-309,-366
764,2,192,2695,-1031,-653,87,-475,-9,-561,-348,212,-106,-688,1000,1556,1429,-2178,-1558,0,11,15,2818,2436,-2426,-2816,0,2,355,343,-315,-382
774,2,197,2795,-1111,-764,-39,-530,13,-940,-474,465,-180,320,1000,1686,2405,-2096,-1718,0,61,-77,3049,2638,-2602,-3021,0,3,392,353,-332,-367
784,2,197,2884,-1191,-873,11,-580,0,-979,-483,495,-308,294,1000,1760,2805,-2837,-1694,0,133,-249,3286,2844,-2773,-3222,0,3,400,376,-321,-355
794,2,193,2924,-1271,-884,44,-627,-13,-456,-476,-19,-243,78,1000,1943,2547,-2826,-1844,0,169,-220,3513,3041,-2953,-3432,0,4,405,385,-349,-401
805,2,193,2940,-1351,-958,-49,-654,17,-680,-338,341,-200,815,1000,2226,3001,-2506,-2153,0,221,-291,3745,3243,-3129,-3637,0,4,414,372,-335,-362
815,2,193,1866,-1005,-1143,-36,-676,27,-1414,-274,-1144,-224,1038,1000,2755,3518,-2984,-2531,-24,-284,-313,2626,2355,-2382,-2861,0,4,-21,-7,35,56
825,2,193,1922,-928,-1104,2,-730,-13,-119,-456,346,-305,-850,1000,2147,3130,-3584,-2579,-22,-75,-33,2472,2221,-2153,-2596,0,4,-24,12,31,65
835,2,196,2004,-848,-761,36,-760,-4,1867,-313,2185,-121,-599,1000,1726,1845,-2343,-1915,-20,128,-55,2308,2079,-1918,-2323,0,4,-67,-37,83,96
845,2,196,2097,-768,-589,31,-713,24,1754,203,1548,-84,-182,1000,1462,1496,-1698,-1396,-18,120,74,2092,1884,-1736,-2102,0,4,-124,-89,85,94
855,2,197,2194,-688,-395,54,-651,-1,1784,411,1381,-150,612,1000,1041,1354,-1255,-479,-16,64,96,1862,1677,-1566,-1894,0,4,-147,-107,130,140
865,2,197,2282,-608,-265,175,-619,-26,1489,367,1143,-172,1378,1000,1032,976,-1129,316,-14,80,-26,1652,1487,-1378,-1668,0,4,-147,-79,161,157
875,2,193,2321,-528,-276,84,-572,-11,450,436,3,-159,595,1000,737,1009,-1086,-93,-12,111,46,1445,1302,-1186,-1438,0,4,-162,-113,131,140
885,2,192,2337,-448,-305,-44,-516,8,-7,502,-533,-139,167,1000,553,1271,-857,-519,-10,70,241,1220,1099,-1012,-1226,0,4,-159,-139,118,153
895,2,192,2015,-367,-222,48,-471,-14,513,469,49,-104,368,1000,618,808,-757,-150,-8,-33,193,979,880,-854,-1030,0,4,-76,-41,51,60
905,2,193,1675,-288,-152,20,-426,-7,546,464,77,-179,205,1000,176,859,-749,107,-6,-22,206,767,689,-668,-805,0,4,-96,-58,64,119
915,2,192,1536,-207,-221,8,-375,-4,-219,488,-709,-87,103,1000,518,804,-672,-315,-5,-54,238,544,488,-492,-591,0,4,-79,-52,54,63
925,2,64,1480,-127,-270,12,-326,-8,-375,418,-793,-21,54,1000,813,758,-623,-574,-3,-87,331,319,285,-314,-375,0,4,-69,-48,49,51
935,2,64,1457,-47,-258,4,-303,3,-58,227,-288,7,-23,1000,808,660,-524,-635,-1,-162,337,86,73,-149,-172,0,4,-69,-54,41,37
945,2,0,1448,0,-237,4,-268,-3,110,238,0,9,-19,1000,758,606,-467,-582,0,-191,337,-47,-47,-47,-47,0,4,-56,-49,5,1
955,2,0,1444,0,-226,23,-221,0,85,348,0,6,-28,1000,748,535,-500,-513,0,-206,318,-51,-51,-51,-51,0,4,-64,-51,3,-7
965,2,0,1443,0,-209,11,-203,12,128,260,0,5,-77,1000,652,498,-461,-519,0,-192,258,-48,-48,-48,-48,0,4,-64,-54,-2,-9
975,2,0,1442,0,-186,37,-200,14,184,105,0,8,-51,1000,617,347,-489,-441,0,-159,118,-39,-39,-39,-39,0,4,-30,-19,29,20
985,2,0,1442,0,-160,24,-180,28,244,137,0,-1,-50,1000,467,313,-452,-402,0,-78,-3,-19,-19,-19,-19,0,4,-37,-26,15,8
995,2,0,1442,0,-142,16,-149,23,211,222,0,-2,-34,1000,388,275,-406,-380,0,-37,-75,-9,-9,-9,-9,0,4,-29,-21,17,13
1005,2,0,1442,0,-127,26,-130,18,172,194,0,5,-15,1000,391,204,-369,-331,0,-37,-65,-9,-9,-9,-9,0,4,-30,-18,17,10
1015,2,0,1442,0,-126,24,-121,22,69,127,0,9,36,1000,408,212,-334,-323,0,-41,-49,-10,-10,-10,-10,0,4,-31,-19,16,10
1025,2,0,1442,0,-110,18,-108,20,94,128,0,0,-79,1000,300,186,-341,-301,0,-31,-60,-7,-7,-7,-7,0,4,-27,-18,15,10
1035,2,0,1442,0,-90,26,-93,19,159,144,0,1,9,1000,280,124,-293,-224,0,-4,-99,-1,-1,-1,-1,0,4,-23,-11,18,10
1045,2,0,1442,0,-82,25,-80,18,109,129,0,7,-9,1000,260,88,-263,-221,0,6,-104,1,1,1,1,0,4,-21,-10,18,11
1055,2,0,1442,0,-74,20,-70,17,67,107,0,3,-16,1000,227,98,-236,-193,0,-4,-69,-1,-1,-1,-1,0,4,-21,-11,15,9
1065,2,0,1442,0,-64,21,-61,14,90,104,0,0,-23,1000,203,85,-215,-152,0,-17,-36,-4,-4,-4,-4,0,4,-22,-12,13,6
1766,3,64,1502,96,90,-36,87,-27,-47,-59,-41,-1,38,1000,-293,-96,318,206,-33,42,64,-316,-135,317,207,0,4,68,-180,-103,179
1776,3,64,1549,93,96,-8,85,-29,24,-49,188,-13,-87,1000,-304,-170,220,282,40,14,106,-175,-311,130,336,0,4,90,-204,-120,198
1787,3,196,1628,91,116,78,88,-15,105,0,456,4,43,1000,-117,-429,142,502,119,-11,123,-22,-500,-70,475,0,4,121,-211,-143,198
1797,3,64,1719,88,85,68,98,38,-150,47,-95,15,-100,1000,-45,-382,101,354,199,-26,188,133,-687,-268,617,0,4,150,-223,-161,205
1807,3,64,1816,86,70,59,88,70,-150,-17,-273,19,-265,1000,-50,-367,61,248,279,-73,209,281,-881,-475,752,0,4,163,-238,-179,214
1817,3,64,1915,83,56,78,73,92,-171,-72,-153,20,-207,1000,39,-366,0,263,360,-99,213,436,-1071,-677,892,0,4,192,-254,-201,230
1827,3,64,2015,81,32,83,62,114,-195,-42,-179,24,-311,1000,104,-352,-78,176,440,-118,236,591,-1259,-876,1034,0,4,216,-274,-227,241
1837,3,64,2114,78,32,136,56,127,-79,-4,153,21,-149,1000,238,-429,-170,326,519,-148,236,742,-1448,-1077,1171,0,4,244,-289,-255,259
1847,3,196,2214,76,47,213,54,155,54,7,442,34,-56,1000,394,-660,-266,504,599,-158,219,899,-1632,-1274,1315,0,4,264,-305,-275,275
1857,3,196,2314,73,102,308,43,186,359,-66,574,68,-596,1000,352,-1241,-417,620,679,-154,183,1060,-1814,-1468,1462,0,4,274,-316,-290,273
1867,3,192,2377,70,63,332,34,185,-127,-79,330,39,-420,1000,488,-1089,-591,668,759,-174,192,1215,-2002,-1667,1603,0,4,280,-323,-296,286
1877,3,196,2403,68,-46,393,37,214,-700,-13,432,56,431,1000,1130,-826,-766,635,839,-131,89,1386,-2173,-1851,1760,0,4,278,-323,-282,297
1887,3,196,1487,-99,-99,504,51,241,-624,78,702,127,1724,1000,1919,-855,-694,834,504,-71,-71,1564,-2337,-2027,1924,0,4,301,-321,-267,321
1897,3,192,1518,-89,-52,458,40,256,128,-44,253,101,1134,1000,1464,-980,-728,743,453,24,-227,1116,-851,-1271,628,0,4,-56,45,98,-32
1907,3,196,1590,-73,74,159,46,285,794,32,2144,2,-77,1000,57,-607,-244,450,374,35,-124,926,-700,-1047,523,0,4,-150,77,125,-97
1917,3,196,1679,-58,88,133,69,261,358,159,745,-5,-394,1000,-101,-610,-221,406,295,-44,-12,713,-570,-845,395,0,4,-171,86,135,-99
1927,3,64,1775,-42,80,127,62,201,117,-12,69,0,-265,1000,-74,-587,-209,368,217,5,-122,534,-410,-612,300,0,4,-157,94,146,-83
1937,3,64,1873,-27,72,128,53,159,-21,-92,-115,6,-155,1000,-48,-604,-227,317,138,63,-291,356,-247,-376,206,0,4,-151,101,155,-75
1947,3,64,1972,-11,56,86,59,116,-79,11,-26,25,-174,1000,-68,-533,-143,131,60,175,-361,191,-70,-126,126,0,4,-164,121,178,-97
1957,3,0,2072,0,70,67,73,69,47,88,-139,19,-133,1000,-150,-502,-72,152,0,217,-378,54,54,54,54,0,4,36,50,30,19
1967,3,0,2172,0,64,56,73,34,-23,36,0,16,41,1000,-115,-408,-21,167,0,244,-368,61,61,61,61,0,4,30,44,24,15
1977,3,0,2272,0,66,81,62,21,5,-47,0,-26,26,1000,-148,-350,-164,329,0,248,-286,62,62,62,62,0,4,15,39,17,0
1987,3,0,2372,0,56,61,53,33,-48,-74,0,-10,-40,1000,-93,-287,-71,259,0,231,-97,57,57,57,57,0,4,11,31,12,-2
2300,4,64,1520,0,-5,-3,-1,-2,-21,0,33,0,26,1000,19,26,2,-17,-46,40,0,-75,120,116,-80,0,4,-150,164,156,-156
2310,4,64,1587,0,-3,-38,-2,-8,8,-1,237,14,13,1000,-22,71,126,-107,-125,34,18,-230,307,303,-234,0,4,-173,180,177,-189
2320,4,64,1674,0,15,-43,-4,-37,189,-10,-70,3,130,1000,-76,102,190,-6,-206,26,40,-386,495,492,-390,0,4,-185,195,191,-178
2330,4,64,1769,0,-24,-106,-10,-80,-108,-19,70,39,-287,1000,-116,146,226,-421,-286,16,28,-542,681,678,-546,0,4,-218,226,223,-234
2340,4,64,1866,0,-13,-104,-17,-105,29,-43,-119,27,-299,1000,-174,142,216,-363,-366,18,28,-693,869,865,-697,0,4,-241,239,233,-249
2350,4,64,1965,0,-15,-96,-22,-115,12,-52,-162,13,6,1000,-127,215,208,-270,-446,70,-64,-833,1071,1067,-837,0,4,-241,263,248,-254
2360,4,64,2065,0,-4,-137,-22,-130,71,-46,92,9,-60,1000,-286,256,282,-351,-526,131,-160,-971,1274,1271,-975,0,6,-257,277,260,-261
2370,4,64,2165,0,4,-176,-20,-161,101,-42,88,17,129,1000,-336,337,446,-386,-606,181,-225,-1112,1475,1472,-1115,0,8,-262,291,273,-267
2380,4,64,2265,0,-4,-195,-16,-183,-3,-25,62,34,255,1000,-298,379,526,-467,-686,235,-290,-1251,1678,1675,-1255,0,12,-264,302,288,-269
2390,4,64,2365,0,-13,-233,-14,-201,-63,-18,185,47,44,1000,-380,392,565,-654,-766,281,-328,-1393,1878,1875,-1397,0,13,-274,312,300,-279
2400,4,64,2465,0,-4,-289,-18,-236,61,-37,290,53,-11,1000,-512,471,716,-768,-846,312,-337,-1538,2074,2071,-1542,0,13,-280,325,313,-286
2410,4,196,2564,0,9,-379,-11,-261,52,11,496,106,184,1000,-587,543,1116,-992,-926,382,-444,-1674,2280,2278,-1677,0,13,-268,337,328,-281
2420,4,192,2622,0,0,-386,-9,-281,4,4,105,68,132,1000,-681,652,993,-968,-1006,454,-479,-1809,2487,2484,-1812,0,13,-277,340,329,-286
2431,4,192,2645,0,60,-405,-24,-316,366,-104,-127,126,1043,1000,-543,626,1538,-753,-1086,521,-535,-1945,2693,2690,-1948,0,13,-255,339,329,-277
2441,4,129,1656,157,142,-473,-37,-336,421,-126,0,152,1873,1000,-656,716,2142,-526,-459,-616,-618,-1462,557,1299,-602,0,14,-32,42,29,-29
2451,4,192,1693,138,43,-475,-36,-342,-417,-42,120,123,841,1000,-664,812,1627,-959,-403,-486,-449,-1270,503,1155,-515,0,14,105,-21,-62,50
2461,4,196,1767,112,-45,-200,-30,-357,-616,8,1769,3,177,1000,-251,575,376,-514,-327,-156,-170,-972,468,998,-358,0,14,129,-5,-65,77
2471,4,196,1857,86,-52,-196,-24,-324,-302,39,474,-8,294,1000,-197,662,368,-450,-252,244,-86,-656,451,858,-184,0,14,141,-11,-77,86
2481,4,64,1953,60,-51,-177,-29,-264,-91,3,101,0,305,1000,-76,660,423,-358,-176,453,186,-388,386,671,-58,0,14,184,-46,-128,109
2491,4,64,2051,34,-58,-149,-38,-231,-80,-4,168,-5,194,1000,18,658,357,-279,-100,462,426,-170,271,433,17,0,14,197,-76,-169,107
2501,4,64,2151,8,-71,-89,-44,-170,-91,20,206,31,208,1000,307,517,336,-218,-24,270,654,-3,106,146,43,0,14,204,-100,-180,70
2511,4,0,2250,0,-81,-55,-55,-97,-97,-6,0,40,198,1000,456,475,292,-165,0,-8,811,-2,-2,-2,-2,0,14,-67,-69,-51,-47
2974,5,64,1520,25,-4,0,0,0,-9,5,-23,5,55,1000,39,14,19,-11,36,-31,6,-7,-153,-33,131,0,14,14,-147,-17,153
2984,5,64,1587,82,17,14,5,7,114,27,94,5,86,1000,14,-65,42,88,92,-32,7,-55,-420,-32,394,0,14,7,-180,-16,192
2994,5,64,1674,139,25,21,20,19,82,84,-4,-14,32,1000,-33,-48,0,170,149,-53,74,-107,-692,-37,651,0,14,-11,-191,-29,213
3004,5,64,1768,195,40,36,40,33,136,153,-15,-7,41,1000,-1,-110,45,252,205,-92,178,-164,-969,-46,904,0,14,-12,-219,-26,230
3014,5,64,1866,252,39,69,58,49,30,185,-19,-9,119,1000,100,-140,-2,355,262,-158,255,-227,-1252,-62,1151,0,14,-2,-238,-34,239
3024,5,64,1965,309,71,63,76,65,188,191,-41,-9,33,1000,-17,-218,76,414,318,-211,277,-288,-1532,-74,1400,0,14,-21,-267,-30,253
3034,5,64,2065,366,99,78,96,80,236,200,6,-5,18,1000,-57,-330,110,510,375,-243,285,-343,-1807,-82,1655,0,14,-26,-281,-27,269
3044,5,64,2165,422,111,105,120,98,192,237,0,-1,31,1000,-31,-431,88,585,431,-258,272,-393,-2078,-85,1914,0,14,-24,-294,-30,280
3054,5,64,2265,479,105,96,143,118,27,267,-297,17,-228,1000,-69,-523,64,433,487,-271,219,-444,-2348,-87,2174,0,14,-29,-308,-34,291
3065,5,64,2366,536,136,119,152,138,243,222,-31,23,-226,1000,-109,-679,81,532,544,-266,158,-490,-2615,-85,2440,0,14,-36,-323,-33,305
3075,5,196,2466,593,212,187,165,138,521,160,532,4,-56,1000,-222,-959,59,918,601,-248,20,-532,-2878,-80,2707,0,14,-51,-343,-37,332
3084,5,64,2565,649,246,207,195,169,420,197,244,-7,-226,1000,-344,-1104,24,1034,657,-184,20,-563,-3126,-63,2984,0,14,-52,-358,-44,347
3095,5,64,2649,706,277,235,236,196,379,248,188,-36,36,1000,-404,-1138,-11,1269,713,-110,-111,-591,-3375,-44,3266,0,14,-46,-357,-43,365
3105,5,64,2686,763,316,263,272,224,383,240,196,-34,159,1000,-462,-1310,12,1416,770,-11,-268,-614,-3617,-19,3553,0,14,-40,-352,-33,370
3115,5,64,2701,819,328,272,305,255,183,219,-63,-34,48,1000,-525,-1407,-26,1415,826,57,-348,-644,-3866,-1,3833,0,14,-40,-352,-38,370
3125,5,64,1702,312,344,290,341,288,180,295,127,-19,-51,1000,-539,-1561,-29,1425,253,-352,-394,-456,-1421,50,1249,0,14,-50,67,12,-74
3135,5,196,1762,250,280,226,375,312,-378,341,968,-9,-150,1000,-491,-1310,-32,1080,203,-121,-401,-326,-1102,80,1044,0,14,-30,85,23,-64
3145,5,192,1846,188,264,187,353,279,-204,-9,279,15,-335,1000,-515,-1289,34,860,153,127,-406,-190,-774,115,840,0,14,-28,96,28,-86
3155,5,64,1939,126,274,218,313,247,-37,-176,-250,-3,-68,1000,-477,-1292,-14,1035,102,252,-485,-86,-477,119,605,0,14,-22,106,24,-95
3165,5,64,2037,64,253,177,284,233,-136,-167,75,-20,-48,1000,-527,-1096,2,945,52,288,-469,-3,-203,100,348,0,14,-12,123,21,-111
3175,5,64,2136,6,235,176,264,203,-178,-127,-3,0,-107,1000,-446,-1110,-2,838,4,318,-455,72,53,82,105,0,14,0,132,24,-99
3185,5,0,2235,0,213,156,237,174,-211,-170,0,-11,-152,1000,-463,-1000,-48,749,0,363,-471,90,90,90,90,0,14,56,93,38,4
3195,5,0,2335,0,211,158,208,151,-113,-227,0,-10,96,1000,-384,-934,9,814,0,389,-449,97,97,97,97,0,14,59,99,42,6
3205,5,0,2436,0,203,162,187,144,-85,-225,0,-3,-10,1000,-313,-914,28,814,0,398,-229,99,99,99,99,0,14,35,82,25,-17
3215,5,0,2536,0,187,141,186,138,-150,-105,0,-1,-25,1000,-244,-772,104,782,0,254,22,63,63,63,63,0,14,-5,41,-9,-56
3225,5,0,2636,0,157,133,179,123,-237,-76,0,9,-149,1000,-141,-693,97,681,0,167,211,41,41,41,41,0,14,0,43,0,-45
3235,5,0,2736,0,141,128,153,110,-199,-160,0,1,-73,1000,-101,-604,68,664,0,68,215,17,17,17,17,0,14,5,45,6,-38
3245,5,0,2836,0,139,100,138,104,-132,-154,0,-3,9,1000,-136,-500,142,639,0,45,226,11,11,11,11,0,14,-2,33,-6,-46
3255,5,0,2936,0,125,80,130,90,-117,-105,0,-3,27,1000,-136,-416,161,565,0,31,217,7,7,7,7,0,14,2,32,-4,-39
3265,5,0,3036,0,93,73,109,78,-237,-145,0,-27,239,1000,-63,-214,85,564,0,26,198,6,6,6,6,0,14,6,34,3,-28
3275,5,0,3136,0,76,43,86,69,-165,-155,0,-36,322,1000,-85,-74,104,485,0,16,145,4,4,4,4,0,14,12,32,4,-18
3285,5,0,3236,0,80,22,79,48,-47,-101,0,-44,181,1000,-208,-69,91,423,0,31,74,7,7,7,7,0,14,19,32,3,-14
3295,5,0,3337,0,82,61,73,38,-20,-94,0,-4,42,1000,-102,-311,52,367,0,57,18,14,14,14,14,0,14,13,39,8,-20
3305,5,0,3437,0,68,55,63,38,-102,-115,0,2,40,1000,-71,-293,42,293,0,83,-20,20,20,20,20,0,14,16,40,11,-14
3315,5,0,3528,0,63,48,56,33,-82,-97,0,1,-45,1000,-93,-285,22,246,0,102,-20,25,25,25,25,0,14,14,38,8,-15
3325,5,0,3571,0,51,35,49,29,-107,-93,0,1,-9,1000,-87,-223,24,189,0,125,-55,31,31,31,31,0,14,18,38,10,-9
3638,6,64,1505,-13,-3,-2,0,-2,-16,4,15,1,-55,1000,-4,-4,-11,-31,-13,33,1,19,70,8,-52,0,14,3,151,24,-146
3648,6,64,1557,-67,-9,-19,0,-4,-36,15,118,4,-81,1000,-22,36,16,-91,-67,74,1,74,337,18,-295,0,14,-3,172,22,-189
3658,6,64,1637,-124,-29,-25,-17,-20,-125,-80,18,7,-81,1000,22,83,-14,-169,-124,86,-19,123,607,21,-555,0,14,7,197,21,-220
3668,6,64,1730,-180,-30,-35,-37,-35,-48,-145,-89,3,-12,1000,-12,109,-16,-195,-180,137,-133,182,886,34,-805,0,14,13,215,28,-222
3678,6,64,1827,-237,-42,-47,-51,-47,-84,-155,-39,-7,-2,1000,-52,170,-66,-249,-237,205,-238,246,1170,51,-1050,0,14,11,243,26,-231
3688,6,64,1925,-294,-73,-63,-67,-61,-225,-164,58,3,15,1000,17,244,-84,-399,-293,263,-293,306,1452,65,-1299,0,14,25,264,29,-244
3698,6,64,2025,-350,-82,-61,-87,-75,-120,-181,-94,12,-72,1000,36,209,-116,-465,-350,306,-318,363,1729,76,-1551,0,14,25,272,26,-258
3708,6,64,2125,-407,-90,-82,-108,-90,-81,-215,-122,20,-182,1000,13,236,-90,-568,-407,320,-298,413,1999,80,-1810,0,14,24,283,31,-268
3718,6,64,2225,-463,-97,-95,-124,-103,-103,-237,-104,42,-381,1000,14,187,-63,-704,-463,329,-269,462,2268,82,-2071,0,14,24,288,35,-281
3729,6,64,2325,-520,-147,-126,-143,-120,-354,-230,152,60,-512,1000,100,310,-87,-960,-520,335,-238,510,2537,83,-2332,0,14,40,306,35,-299
3739,6,64,2425,-577,-185,-158,-165,-141,-362,-193,202,45,-494,1000,117,516,-133,-1091,-577,353,-237,560,2808,88,-2590,0,14,44,323,31,-311
3749,6,64,2525,-633,-224,-193,-190,-162,-365,-176,261,35,-169,1000,210,787,-94,-1166,-633,383,-264,614,3083,95,-2846,0,14,66,342,43,-316
3759,6,64,2588,-690,-240,-217,-223,-183,-227,-225,104,-1,206,1000,224,1069,-72,-1082,-690,406,-260,666,3355,101,-3103,0,14,66,351,44,-320
3769,6,64,2614,-746,-286,-257,-261,-215,-367,-279,186,12,125,1000,299,1236,-53,-1317,-746,413,-191,715,3624,103,-3364,0,14,65,356,46,-331
3779,6,64,1634,-307,-307,-262,-289,-241,-292,-247,31,38,8,1000,389,1217,-39,-1454,-262,-131,-131,757,3886,99,-3630,0,14,65,356,49,-335
3789,6,64,1666,-267,-307,-253,-310,-273,-70,-201,287,45,-89,1000,406,1163,-64,-1467,-228,-21,-98,288,1165,-97,-1174,0,14,79,-24,-1,72
3799,6,196,1738,-206,-239,-122,-334,-306,348,-222,1116,16,379,1000,533,889,-157,-843,-176,252,-65,289,965,-7,-837,0,14,80,-28,8,103
3809,6,192,1827,-145,-266,-154,-324,-254,5,-27,-47,3,221,1000,540,1085,-154,-926,-124,361,184,250,726,40,-545,0,14,62,-65,-6,110
3819,6,64,1922,-85,-254,-153,-290,-189,103,139,-228,-1,324,1000,523,1094,-114,-857,-72,248,184,155,434,33,-309,0,14,49,-91,-10,122
3829,6,64,2020,-24,-229,-128,-262,-196,192,167,125,-7,230,1000,540,1040,-79,-681,-20,73,473,44,124,9,-88,0,14,26,-123,-16,138
3839,6,0,2119,0,-231,-118,-238,-153,66,183,0,5,124,1000,604,1000,-66,-683,0,-71,623,-17,-17,-17,-17,0,14,-40,-65,-14,16
3849,6,0,2220,0,-222,-137,-207,-111,61,267,0,0,-25,1000,522,1025,-25,-693,0,-185,732,-46,-46,-46,-46,0,14,-50,-81,-27,5
3859,6,0,2319,0,-211,-127,-191,-130,91,238,0,0,-153,1000,479,946,-52,-674,0,-254,738,-63,-63,-63,-63,0,14,-53,-84,-29,1
3869,6,0,2419,0,-196,-103,-191,-122,144,126,0,5,-64,1000,461,805,-91,-635,0,-243,511,-60,-60,-60,-60,0,14,-19,-51,1,33
3879,6,0,2519,0,-176,-98,-181,-102,188,117,0,9,25,1000,391,703,-81,-612,0,-104,288,-26,-26,-26,-26,0,14,-2,-33,12,48
3889,6,0,2620,0,-165,-93,-158,-95,148,191,0,2,127,1000,349,678,-90,-562,0,-57,164,-14,-14,-14,-14,0,14,-13,-41,2,35
3899,6,0,2720,0,-145,-67,-145,-91,183,157,0,11,53,1000,359,540,-88,-483,0,-97,214,-24,-24,-24,-24,0,14,-27,-48,-6,17
3909,6,0,2820,0,-135,-75,-137,-81,132,113,0,7,-51,1000,291,525,-76,-485,0,-130,239,-32,-32,-32,-32,0,14,-22,-46,-5,21
3919,6,0,2920,0,-117,-78,-124,-77,176,118,0,-3,52,1000,225,533,-39,-400,0,-124,195,-31,-31,-31,-31,0,14,-22,-48,-9,17
3929,6,0,3020,0,-106,-74,-107,-69,136,144,0,-7,27,1000,177,492,-47,-369,0,-119,158,-29,-29,-29,-29,0,14,-21,-46,-9,17
3939,6,0,3120,0,-98,-68,-95,-64,126,141,0,0,35,1000,180,435,-28,-358,0,-118,132,-29,-29,-29,-29,0,14,-17,-42,-6,20
3949,6,0,3220,0,-73,-61,-81,-61,179,124,0,-4,49,1000,110,362,-4,-274,0,-106,89,-26,-26,-26,-26,0,14,-13,-37,-6,19
3959,6,0,3320,0,-60,-30,-67,-50,166,127,0,-13,194,1000,136,308,-44,-136,0,-91,42,-22,-22,-22,-22,0,14,-1,-20,7,28
4423,7,64,1503,6,0,1,0,-1,7,0,-6,4,5,1000,13,-14,11,0,-4,-15,6,-30,-9,21,6,0,14,-148,5,123,-15
4433,7,64,1550,59,4,-5,1,-1,23,-2,46,0,-7,1000,-21,0,24,0,-56,-48,5,-281,-17,260,40,0,14,-167,14,151,-5
4443,7,64,1629,115,14,-19,9,-10,82,48,63,-5,-76,1000,-104,9,48,-2,-113,-51,10,-545,-18,526,86,0,14,-200,17,169,-2
4453,7,64,1720,172,18,-19,22,-23,51,99,-77,9,-1,1000,-52,-7,129,6,-169,-76,59,-814,-24,787,125,0,14,-196,10,180,-3
4463,7,64,1817,228,27,-26,32,-32,91,108,-62,9,-97,1000,-104,-28,151,4,-226,-99,95,-1082,-29,1048,166,0,14,-220,5,193,-4
4473,7,64,1915,285,21,-22,39,-38,-12,106,-165,18,-29,1000,-39,-19,171,-1,-283,-123,121,-1351,-35,1308,206,0,14,-212,7,202,-4
4483,7,64,2015,341,46,-49,47,-48,157,111,59,5,-152,1000,-218,-12,233,13,-339,-135,123,-1616,-38,1572,249,0,14,-267,11,227,0
4493,7,64,2115,398,72,-90,61,-64,234,125,216,0,-217,1000,-398,16,356,-4,-396,-136,106,-1880,-38,1840,295,0,14,-283,16,241,-1
4503,7,64,2215,454,83,-93,81,-84,149,154,-12,19,-102,1000,-366,-28,464,4,-453,-134,92,-2141,-37,2106,342,0,14,-292,9,254,0
4513,7,64,2315,511,106,-102,104,-99,172,192,-37,0,-77,1000,-487,-12,489,91,-509,-137,67,-2405,-38,2372,387,0,14,-306,17,267,17
4523,7,64,2415,568,132,-115,129,-117,233,225,-25,-7,11,1000,-596,-16,567,158,-566,-130,0,-2666,-36,2641,435,0,14,-320,20,282,32
4533,7,64,2516,625,170,-140,158,-135,341,255,97,-8,-7,1000,-768,-66,697,195,-623,-99,-59,-2923,-28,2917,489,0,14,-335,12,298,40
4543,7,64,2616,681,186,-147,181,-148,227,221,-11,-7,19,1000,-825,-87,754,229,-680,-65,-80,-3178,-20,3193,544,0,16,-347,11,312,41
4553,7,64,2715,737,231,-161,195,-166,367,134,134,-11,25,1000,-976,-150,882,334,-736,-50,-80,-3434,-16,3462,594,0,16,-363,2,324,39
4563,7,64,2815,794,268,-195,228,-187,358,175,172,-11,71,1000,-1130,-142,1064,385,-792,-51,-67,-3697,-16,3728,640,0,16,-378,5,339,40
4573,7,64,2916,850,299,-225,264,-206,362,231,196,-22,-63,1000,-1315,-137,1160,415,-849,-77,-14,-3966,-22,3988,680,0,16,-394,5,349,38
4583,7,64,3016,907,332,-249,295,-238,340,207,115,-19,68,1000,-1409,-131,1342,490,-906,-85,1,-4231,-24,4253,724,0,16,-407,8,362,38
4593,7,64,3116,964,361,-265,335,-264,282,256,-15,-27,-14,1000,-1558,-165,1407,533,-962,-81,-5,-4493,-23,4521,771,0,16,-422,3,374,38
4603,7,64,3216,1020,419,-327,379,-287,493,316,331,-53,-329,1000,-1952,-151,1561,566,-1019,-118,61,-4765,-32,4778,808,0,17,-446,4,386,37
4613,7,196,3316,1077,503,-445,426,-297,694,395,770,-82,-678,1000,-2539,-65,1900,567,-1076,-169,144,-5040,-45,5032,841,0,17,-476,14,398,36
4623,7,64,3416,1133,457,-392,450,-331,86,293,-232,-37,-158,1000,-2080,-58,1910,579,-1132,-190,160,-5308,-50,5294,882,0,17,-470,18,406,36
4633,7,64,3513,1190,508,-431,467,-380,331,163,114,-21,55,1000,-2228,-96,2195,639,-1189,-154,71,-5562,-40,5570,937,0,17,-483,15,425,39
4643,7,128,2275,575,602,-509,501,-432,675,194,-510,11,66,1000,-2566,-221,2676,675,-481,32,44,-2484,-213,2499,659,0,17,39,-81,-72,51
4653,7,192,2323,521,637,-526,547,-460,396,371,27,-97,-746,1000,-3113,-176,2345,785,-436,-125,120,-2291,-232,2227,558,0,17,66,-84,-127,40
4663,7,196,2401,460,456,-291,592,-454,-938,400,1903,-60,-274,1000,-1956,-266,1589,793,-385,-229,175,-2050,-234,1935,463,0,17,134,-70,-161,36
4673,7,196,2493,399,399,-249,567,-415,-700,-63,829,-21,-66,1000,-1623,-308,1467,650,-333,-205,29,-1779,-205,1675,399,0,17,156,-59,-154,49
4683,7,196,2589,337,362,-176,500,-389,-496,-399,433,-27,-303,1000,-1452,-437,1139,645,-282,-173,40,-1505,-173,1418,338,0,17,172,-59,-188,30
4693,7,192,2683,276,370,-150,462,-381,-96,-364,-72,-44,-633,1000,-1535,-547,976,677,-231,-191,71,-1244,-154,1148,264,0,17,176,-59,-207,18
4703,7,192,2731,214,352,-157,443,-346,-75,-261,-319,-1,96,1000,-1233,-421,1234,699,-179,-183,42,-976,-128,884,197,0,17,186,-51,-198,26
4714,7,192,2750,153,314,-154,422,-298,-265,-230,-193,-30,-16,1000,-1210,-291,1036,637,-128,-191,50,-711,-106,615,125,0,17,187,-50,-203,19
4723,7,192,2593,92,265,-118,398,-280,-414,-238,134,-23,2,1000,-983,-272,863,566,-77,-203,66,-449,-86,348,53,0,17,85,-52,-109,23
4734,7,192,2078,30,252,-111,368,-267,-221,-278,-83,-14,-97,1000,-941,-305,810,498,-25,-206,61,-184,-63,81,-16,0,17,82,-53,-111,19
4744,7,0,1868,0,255,-109,315,-200,-77,-326,0,-2,-66,1000,-913,-338,853,494,0,-212,65,-53,-53,-53,-53,0,17,21,-12,-62,-43
4754,7,0,1783,0,241,-127,279,-169,-131,-255,0,-4,-49,1000,-930,-274,841,408,0,-210,-17,-52,-52,-52,-52,0,17,32,-8,-57,-30
4764,7,0,1749,0,205,-118,262,-162,-264,-113,0,-12,17,1000,-842,-205,702,330,0,-171,-137,-42,-42,-42,-42,0,17,30,-8,-51,-24
4774,7,0,1735,0,181,-110,234,-139,-255,-122,0,-6,69,1000,-754,-183,642,267,0,-96,-195,-24,-24,-24,-24,0,17,44,4,-36,-6
4784,7,0,1729,0,174,-89,191,-117,-154,-248,0,-7,69,1000,-692,-213,571,289,0,-57,-195,-14,-14,-14,-14,0,17,33,1,-41,-17
4794,7,0,1727,0,150,-86,170,-101,-188,-190,0,-6,80,1000,-621,-167,514,229,0,-37,-202,-9,-9,-9,-9,0,17,33,1,-37,-12
4804,7,0,1726,0,153,-78,167,-94,-66,-68,0,0,-7,1000,-618,-220,496,222,0,-33,-181,-8,-8,-8,-8,0,17,33,2,-37,-14
4814,7,0,1725,0,140,-83,151,-85,-102,-101,0,-3,8,1000,-606,-182,464,174,0,10,-232,2,2,2,2,0,17,39,6,-33,-6
4824,7,0,1725,0,126,-72,129,-75,-127,-159,0,6,120,1000,-502,-180,450,157,0,45,-260,11,11,11,11,0,17,41,10,-27,-2
4834,7,0,1725,0,112,-65,117,-69,-115,-122,0,-10,45,1000,-504,-132,346,157,0,51,-236,12,12,12,12,0,17,43,13,-22,2
4844,7,0,1725,0,106,-51,105,-55,-82,-122,0,-6,-19,1000,-446,-158,313,165,0,24,-153,6,6,6,6,0,17,33,8,-27,-6
4854,7,0,1725,0,93,-54,90,-49,-104,-140,0,-7,-15,1000,-404,-98,303,141,0,2,-92,0,0,0,0,0,17,30,3,-29,-7
4864,7,0,1725,0,75,-35,80,-42,-160,-113,0,-4,59,1000,-289,-88,246,141,0,3,-81,0,0,0,0,0,17,25,4,-25,-8
4874,7,0,1725,0,68,-35,69,-33,-108,-109,0,0,-14,1000,-278,-104,223,91,0,12,-85,3,3,3,3,0,17,26,4,-24,-6
4884,7,0,1725,0,54,-31,55,-27,-131,-124,0,-1,6,1000,-233,-70,179,70,0,21,-88,5,5,5,5,0,17,25,5,-21,-4
4894,7,0,1725,0,43,-26,44,-23,-132,-119,0,4,-55,1000,-196,-90,141,21,0,30,-93,7,7,7,7,0,17,25,5,-19,-2
5207,8,64,1531,-36,-5,7,0,-1,-63,1,97,0,9,1000,31,-2,-26,3,38,52,1,186,7,-164,-12,0,17,167,-16,-148,8
5217,8,64,1603,-93,-27,23,-8,9,-162,-33,128,0,6,1000,127,19,-115,-22,95,41,23,446,4,-433,-61,0,17,203,-14,-180,0
5227,8,64,1692,-149,-33,50,-28,30,-70,-108,40,-6,-108,1000,174,-26,-213,21,151,26,109,705,1,-704,-111,0,17,226,-28,-216,-3
5237,8,64,1787,-206,-43,48,-47,47,-93,-156,-80,-4,-142,1000,211,11,-219,-4,208,-23,184,956,-11,-983,-170,0,17,240,-27,-230,-14
5247,8,64,1886,-262,-57,47,-63,59,-88,-160,-137,-6,-146,1000,245,51,-253,-41,265,-70,191,1206,-22,-1261,-228,0,17,250,-22,-242,-21
5257,8,64,1985,-319,-88,74,-81,69,-241,-177,86,2,-106,1000,400,39,-366,-93,321,-78,153,1467,-24,-1530,-277,0,17,270,-23,-251,-27
5267,8,64,2086,-376,-110,88,-105,83,-218,-202,34,-3,-88,1000,481,82,-456,-104,378,-80,169,1733,-24,-1801,-324,0,17,279,-19,-269,-33
5277,8,64,2186,-433,-116,88,-125,99,-157,-219,-93,-6,-28,1000,517,124,-456,-95,435,-102,195,1989,-30,-2072,-376,0,17,287,-13,-279,-31
5287,8,64,2286,-489,-141,101,-146,109,-218,-226,-19,8,63,1000,658,133,-491,-150,491,-128,177,2245,-36,-2345,-429,0,17,302,-13,-290,-40
5297,8,64,2385,-546,-170,126,-173,116,-270,-266,83,17,-69,1000,771,87,-631,-232,547,-135,177,2504,-38,-2612,-477,0,17,315,-25,-305,-52
5307,8,64,2485,-602,-214,176,-196,144,-368,-228,247,24,-40,1000,1008,61,-826,-269,604,-145,170,2764,-40,-2881,-526,0,17,331,-32,-322,-54
5317,8,64,2585,-659,-239,197,-220,178,-274,-195,71,13,-137,1000,1067,75,-988,-296,661,-159,171,3024,-44,-3152,-576,0,20,341,-33,-337,-56
5327,8,64,2685,-715,-255,197,-261,190,-218,-324,-77,25,-154,1000,1132,74,-1001,-370,717,-169,164,3284,-46,-3421,-625,0,21,353,-35,-348,-56
5337,8,64,2785,-772,-288,248,-293,225,-315,-345,73,27,-107,1000,1329,32,-1190,-366,774,-165,133,3548,-44,-3686,-670,0,21,370,-43,-364,-58
5347,8,64,2886,-829,-357,289,-319,256,-527,-248,328,21,-1,1000,1604,136,-1444,-438,830,-167,118,3810,-45,-3954,-717,0,21,388,-26,-383,-56
5357,8,64,2986,-885,-379,300,-344,277,-329,-181,151,18,-148,1000,1641,130,-1567,-510,887,-171,109,4072,-46,-4222,-765,0,21,399,-30,-398,-56
5367,8,64,3086,-942,-416,339,-386,306,-359,-277,166,18,-483,1000,1739,48,-1826,-615,943,-193,132,4329,-51,-4494,-817,0,21,411,-50,-417,-61
5377,8,64,3186,-999,-470,405,-437,341,-466,-356,319,-2,-561,1000,1957,58,-2170,-603,1000,-222,165,4585,-58,-4768,-870,0,21,426,-50,-440,-64
5388,8,196,3286,-1055,-534,471,-472,377,-547,-313,413,8,-453,1000,2305,51,-2423,-650,1056,-230,156,4845,-60,-5037,-919,0,21,442,-54,-459,-67
5398,8,64,3349,-1112,-533,451,-509,421,-263,-301,-94,67,-69,1000,2470,33,-2150,-733,1113,-207,90,5114,-54,-5298,-960,0,21,448,-57,-449,-64
5408,8,64,3375,-1169,-539,465,-547,454,-105,-328,-250,10,-634,1000,2260,21,-2468,-733,1170,-235,128,5370,-61,-5572,-1013,0,21,443,-60,-461,-67
5418,8,196,2167,-648,-648,572,-588,483,-660,-343,561,-23,-843,1000,2635,58,-3114,-801,572,133,133,5629,-64,-5842,-1063,0,21,455,-54,-484,-70
5428,8,192,2198,-609,-728,641,-613,513,-649,-278,-424,-12,-613,1000,3067,114,-3379,-859,538,23,127,2698,172,-2698,-627,0,21,-80,32,17,-99
5438,8,196,2270,-549,-564,377,-625,536,686,-178,1672,20,-466,1000,2193,276,-2284,-976,485,-205,12,2375,99,-2489,-622,0,21,-117,33,78,-73
5448,8,196,2359,-489,-537,310,-616,499,456,3,837,17,-623,1000,1904,300,-2151,-1106,432,-184,-152,2115,87,-2217,-555,0,21,-136,36,116,-55
5458,8,196,2454,-429,-489,251,-588,442,495,171,500,12,-843,1000,1550,234,-2010,-1178,379,-81,-336,1876,97,-1925,-467,0,21,-151,44,150,-40
5468,8,192,2552,-369,-480,246,-563,439,227,229,103,23,-395,1000,1635,295,-1854,-1092,326,33,-401,1640,109,-1630,-375,0,21,-157,49,165,-36
5478,8,192,2609,-309,-441,213,-533,423,346,282,154,33,-94,1000,1558,325,-1588,-995,273,87,-413,1388,106,-1351,-300,0,21,-166,46,169,-38
5488,8,192,2632,-249,-426,203,-502,379,215,303,-141,32,-194,1000,1482,302,-1545,-987,220,117,-372,1130,97,-1077,-230,0,21,-168,41,163,-44
5498,8,192,2562,-189,-363,237,-483,347,478,247,-126,-19,210,1000,1365,303,-1507,-538,167,132,-375,869,84,-807,-163,0,21,-72,56,76,-46
5508,8,192,2018,-128,-362,216,-462,318,185,230,-155,-2,133,1000,1324,275,-1442,-644,113,162,-428,610,75,-531,-93,0,21,-73,53,80,-40
5518,8,64,1800,-68,-381,184,-432,289,0,200,-95,23,-17,1000,1338,297,-1384,-847,60,221,-413,359,74,-250,-16,0,21,-71,50,82,-33
5528,8,64,1712,-10,-363,165,-401,254,79,183,12,16,-68,1000,1223,304,-1325,-830,9,250,-413,110,65,14,51,0,21,-69,49,84,-27
5538,8,0,1676,0,-334,134,-361,181,191,253,0,15,-201,1000,1064,296,-1204,-825,0,244,-347,61,61,61,61,0,21,-36,6,73,48
5548,8,0,1661,0,-321,168,-337,177,178,217,0,10,40,1000,1157,273,-1191,-639,0,236,-290,59,59,59,59,0,21,-31,20,86,52
5558,8,0,1655,0,-289,145,-327,182,250,89,0,0,55,1000,1033,300,-1061,-549,0,206,-202,51,51,51,51,0,21,-49,1,63,29
5568,8,0,1653,0,-260,133,-296,142,297,164,0,-1,30,1000,950,289,-942,-467,0,160,-82,40,40,40,40,0,21,-44,2,61,29
5578,8,0,1652,0,-240,120,-254,123,253,285,0,-8,-266,1000,804,237,-937,-471,0,116,6,29,29,29,29,0,21,-47,-2,54,22
5588,8,0,1652,0,-243,108,-233,138,98,237,0,-4,-105,1000,855,322,-850,-454,0,77,74,19,19,19,19,0,21,-53,-10,51,20
5598,8,0,1651,0,-239,115,-221,120,75,200,0,8,41,1000,930,313,-776,-411,0,47,117,11,11,11,11,0,21,-58,-12,50,15
5608,8,0,1651,0,-211,111,-208,107,224,178,0,13,16,1000,858,239,-689,-351,0,25,140,6,6,6,6,0,21,-58,-12,45,10
5618,8,0,1651,0,-178,88,-184,98,292,214,0,8,-9,1000,707,222,-577,-304,0,16,136,4,4,4,4,0,21,-53,-13,39,8
5628,8,0,1651,0,-165,76,-161,78,171,212,0,-1,-134,1000,585,204,-583,-313,0,28,94,7,7,7,7,0,21,-49,-12,39,10
5638,8,0,1651,0,-153,74,-151,72,142,147,0,6,-34,1000,571,168,-527,-296,0,60,16,15,15,15,15,0,21,-32,2,52,27
5648,8,0,1651,0,-113,49,-137,66,308,122,0,-25,-216,1000,296,159,-498,-212,0,68,5,17,17,17,17,0,21,-35,-5,35,14
5658,8,0,1651,0,-88,43,-114,50,269,143,0,-35,-300,1000,176,123,-469,-152,0,61,17,15,15,15,15,0,21,-33,-4,32,11
5668,8,0,1651,0,-94,51,-96,43,79,140,0,-16,-183,1000,283,101,-425,-165,0,56,23,14,14,14,14,0,21,-36,-5,34,11
5678,8,0,1651,0,-88,58,-87,41,86,119,0,2,-56,1000,350,57,-349,-143,0,54,23,13,13,13,13,0,21,-37,-3,35,9
5688,8,0,1651,0,-84,50,-76,37,68,126,0,5,-125,1000,306,34,-337,-177,0,64,-3,16,16,16,16,0,21,-24,5,43,21
5698,8,0,1651,0,-82,44,-65,35,38,135,0,-1,6,1000,304,88,-308,-141,0,77,-23,19,19,19,19,0,21,-23,5,43,22
5708,8,0,1651,0,-58,40,-58,30,178,119,0,3,16,1000,244,35,-225,-88,0,74,-14,18,18,18,18,0,21,-29,0,33,11
5718,8,0,1651,0,-47,43,-47,27,143,116,0,3,-47,1000,211,-7,-210,-62,0,69,17,17,17,17,17,0,21,-38,-6,25,1
5729,8,0,1651,0,-44,24,-35,22,75,129,0,-3,-61,1000,155,50,-181,-74,0,52,33,13,13,13,13,0,21,-37,-10,21,1
6369,9,64,1531,4,43,-45,48,-49,-54,-4,55,-9,2,1000,-231,22,181,45,-3,110,-25,8,26,46,32,0,21,103,14,-69,29
6379,9,0,1603,0,11,-14,40,-41,-210,-21,0,-9,5,1000,-69,41,48,29,0,440,31,110,110,110,110,0,21,124,105,92,123
6389,9,64,1692,0,32,-29,22,-23,23,-105,0,-3,91,1000,-58,96,232,131,0,970,281,242,242,242,242,0,21,162,145,125,168
6400,9,64,1788,0,35,0,16,-12,24,-106,0,-9,18,1000,120,180,303,356,0,1706,941,426,426,426,426,0,21,222,197,172,220
6410,9,0,1886,0,35,-6,23,0,18,-25,0,-4,-157,1000,288,350,496,502,0,2506,1789,626,626,626,626,0,21,249,218,192,244
6420,9,0,1986,0,26,0,22,7,-75,-41,0,1,-90,1000,616,620,755,754,0,3306,2834,826,826,826,826,0,21,250,222,197,248
6430,9,0,2085,0,-8,-24,9,6,-235,-79,0,26,819,1000,945,926,1017,787,0,4100,2834,1025,1025,1025,1025,0,21,275,237,220,281
6440,9,0,2185,0,-27,3,2,9,-186,-23,0,29,889,1000,1342,1180,1200,1066,0,4901,3901,1225,1225,1225,1225,0,21,270,241,229,281
6450,9,0,2285,0,7,22,-8,5,81,-86,0,6,1159,1000,1565,1444,1511,1579,0,5701,4959,1425,1425,1425,1425,0,21,273,250,230,276
6460,9,0,2385,0,22,35,-6,9,145,-57,0,2,1150,1000,1789,1633,1754,1902,0,6501,5960,1625,1625,1625,1625,0,21,276,257,234,274
6470,9,0,2485,0,46,24,6,22,116,-47,0,-45,967,1000,1789,1912,1906,2240,0,7302,6902,1825,1825,1825,1825,0,21,284,263,234,276
6480,9,0,2585,0,5,51,13,35,-208,-14,0,-7,1763,1000,2458,2276,2262,2520,0,8102,7798,2025,2025,2025,2025,0,21,279,267,247,281
6490,9,0,2685,0,20,44,9,8,-29,-61,0,14,1887,1000,2705,2456,2621,2756,0,8903,8690,2225,2225,2225,2225,0,21,286,273,249,284
6500,9,0,2785,0,0,54,0,31,-148,-104,0,18,1866,1000,3000,2684,2776,2926,0,9704,9570,2426,2426,2426,2426,0,21,287,277,258,289
6510,9,0,2885,0,0,41,2,48,-94,-54,0,22,2118,1000,3273,2992,3101,3174,0,10504,10459,2626,2626,2626,2626,0,21,292,280,261,295
6520,9,0,2985,0,-10,22,0,42,-122,-75,0,17,2232,1000,3495,3314,3352,3362,0,11305,11311,2826,2826,2826,2826,0,21,298,282,265,303
6530,9,64,1544,-1,-10,68,-20,23,-74,-191,-395,-15,2190,1000,3721,3498,3370,3732,13,12162,12192,3070,3011,3005,3063,0,21,7,283,281,32
6540,9,0,1600,0,-26,-16,-39,39,-116,-222,0,-6,1861,1000,3741,3834,3675,3627,0,11954,13002,2988,2988,2988,2988,0,21,70,89,75,79
6550,9,0,1682,0,-29,-35,-32,2,-65,-71,0,0,877,1000,3611,3755,3614,3452,0,11544,13523,2886,2886,2886,2886,0,21,8,32,20,18
6560,9,64,1775,0,-39,19,-37,-16,-34,-46,0,-5,445,1000,3541,3466,3255,3348,0,10935,13182,2733,2733,2733,2733,0,21,-27,16,5,-16
6570,9,64,1872,0,19,48,-49,24,354,-161,0,16,-415,1000,3142,2868,3041,3180,0,10155,12691,2538,2538,2538,2538,0,21,-43,8,-13,-45
6580,9,64,1963,0,18,84,-57,55,107,-298,0,28,-985,1000,2959,2475,2703,2942,0,9354,12140,2338,2338,2338,2338,0,21,-56,3,-17,-58
6590,9,64,2007,0,-9,55,-47,33,-99,-145,0,54,-435,1000,2958,2466,2690,2675,0,8554,11274,2138,2138,2138,2138,0,21,-61,-9,-23,-58
6600,9,64,2025,0,-7,103,-1,12,-114,123,0,64,-514,1000,2822,2079,2362,2501,0,7754,10371,1938,1938,1938,1938,0,21,-65,-5,-19,-63
6610,9,64,1784,0,-77,145,-30,61,-406,-72,0,16,-704,1000,2756,2033,1746,2262,0,6954,9631,1738,1738,1738,1738,0,21,14,59,48,22
6620,9,64,1447,0,2,130,-48,95,285,-210,0,51,-736,1000,2414,1623,1890,2212,0,6153,8991,1538,1538,1538,1538,0,21,4,44,32,1
6630,9,64,1309,0,-40,80,-45,85,-138,-149,0,57,-6,1000,2518,1895,1990,2056,0,5346,8539,1336,1336,1336,1336,0,21,6,38,30,6
6640,9,64,1254,0,-92,39,-23,62,-388,81,0,43,733,1000,2642,2235,2018,1951,0,4546,8149,1136,1136,1136,1136,0,21,10,37,30,14
6650,9,64,1232,0,-58,26,-52,45,43,-96,0,15,284,1000,2253,2046,1848,1867,0,3745,7753,936,936,936,936,0,21,-1,28,14,3
6660,9,64,1223,0,-56,-1,-44,50,0,-9,0,-9,-469,1000,1952,1978,1668,1685,0,2950,7753,737,737,737,737,0,21,-10,20,1,-3
6670,9,64,1219,0,-68,32,-23,39,-76,157,0,-1,105,1000,2131,1973,1640,1762,0,2150,7431,537,537,537,537,0,21,-5,26,7,0
6680,9,64,1218,0,-72,31,-54,12,-39,-70,0,-4,-61,1000,1986,1845,1486,1610,0,1357,7018,339,339,339,339,0,21,-9,21,1,-4
6690,9,64,1217,0,-90,-7,-84,26,-192,-216,0,39,-331,1000,1874,1690,1462,1210,0,708,6559,177,177,177,177,0,21,-13,9,-3,-14
6700,9,64,1217,0,-65,-58,-86,17,134,-104,0,14,-577,1000,1499,1658,1419,1080,0,260,6181,65,65,65,65,0,21,-24,-1,-17,-22
6710,9,64,1217,0,-57,-14,-61,-17,74,83,0,-20,-397,1000,1442,1579,1203,1214,0,13,5822,3,3,3,3,0,21,-26,4,-17,-19
6721,9,64,1217,0,-77,30,-56,-16,-82,91,0,-2,-6,1000,1614,1467,1086,1200,0,0,5402,0,0,0,0,0,21,-21,9,-10,-16
6731,9,64,1217,0,-64,27,-61,9,24,12,0,15,38,1000,1508,1295,1067,1092,0,0,4948,0,0,0,0,0,21,-24,3,-12,-21
6741,9,64,1217,0,-72,15,-76,17,-20,-85,0,-4,86,1000,1378,1304,942,1000,0,0,4552,0,0,0,0,0,21,-28,1,-16,-22
6751,9,64,1217,0,-63,0,-80,3,35,-82,0,-5,62,1000,1217,1223,892,895,0,0,4166,0,0,0,0,0,21,-33,-4,-21,-26
6761,9,64,1217,0,-59,8,-62,0,25,62,0,10,120,1000,1178,1071,841,809,0,0,3787,0,0,0,0,0,21,-35,-7,-21,-29
6771,9,64,1217,0,-55,0,-46,-1,25,119,0,-5,1,1000,999,1004,712,719,0,0,3433,0,0,0,0,0,21,-41,-12,-28,-32
6781,9,64,1217,0,-64,34,-51,4,-46,27,0,-4,104,1000,1022,872,546,692,0,0,3059,0,0,0,0,0,21,-40,-7,-23,-31
6791,9,64,1217,0,-63,14,-60,12,-32,-35,0,-1,91,1000,891,810,506,552,0,0,2682,0,0,0,0,0,21,-44,-16,-28,-35
6801,9,64,1217,0,-60,8,-57,7,-11,13,0,3,379,1000,862,787,519,517,0,0,2314,0,0,0,0,0,21,-45,-19,-29,-37
6811,9,64,1217,0,-54,25,-47,5,7,65,0,16,245,1000,782,579,400,414,0,0,1952,0,0,0,0,0,21,-48,-21,-30,-41
6821,9,64,1217,0,-41,8,-41,6,58,52,0,1,86,1000,544,488,297,311,0,0,1560,0,0,0,0,0,21,-55,-32,-39,-48
6831,9,64,1217,0,-39,-4,-40,3,29,26,0,-5,120,1000,402,433,218,207,0,0,1135,0,0,0,0,0,21,-60,-41,-44,-52
6841,9,64,1217,0,-39,12,-38,1,18,26,0,-1,189,1000,358,298,105,150,0,0,733,0,0,0,0,0,21,-62,-41,-47,-58
6851,9,64,1217,0,-35,0,-35,1,43,31,0,0,224,1000,240,228,61,47,0,0,352,0,0,0,0,0,21,-65,-50,-48,-62
7164,10,0,1500,-1,-7,0,-3,2,-25,11,0,-6,5,1000,-101,-74,-144,-116,0,-448,-440,-109,-109,-114,-114,0,21,-126,-104,47,34
7174,10,0,1537,0,5,-7,-2,0,90,13,0,6,-73,1000,-137,-131,-75,-136,0,-598,-412,-149,-149,-149,-149,0,21,-89,-86,-73,-93
7184,10,0,1612,0,1,3,3,-4,-5,31,0,4,-272,1000,-159,-192,-166,-171,0,-949,-414,-237,-237,-237,-237,0,21,-153,-139,-121,-157
7194,10,0,1701,0,6,-1,4,-4,34,19,0,14,-430,1000,-254,-312,-211,-282,0,-1499,-631,-374,-374,-374,-374,0,21,-204,-182,-165,-209
7204,10,0,1797,0,5,-3,0,-5,8,-28,0,17,-606,1000,-425,-489,-376,-471,0,-2244,-1158,-561,-561,-561,-561,0,21,-247,-219,-202,-252
7214,10,0,1895,0,-2,-35,-2,-11,-48,-29,0,9,-768,1000,-717,-612,-577,-775,0,-3044,-1944,-761,-761,-761,-761,0,21,-252,-233,-214,-254
7224,10,0,1995,0,-5,-13,0,-19,-62,4,0,-10,-889,1000,-992,-891,-967,-982,0,-3844,-2956,-961,-961,-961,-961,0,22,-258,-234,-215,-260
7234,10,0,2095,0,74,31,8,-10,511,-3,0,-52,-261,1000,-1338,-1203,-1111,-703,0,-4644,-4065,-1161,-1161,-1161,-1161,0,22,-255,-221,-219,-277
7244,10,0,2195,0,30,-8,17,-15,-54,-14,0,-21,-706,1000,-1619,-1469,-1434,-1359,0,-5444,-5182,-1361,-1361,-1361,-1361,0,22,-255,-233,-222,-266
7254,10,0,2295,0,-27,27,6,-9,-385,-60,0,47,-773,1000,-1517,-1864,-1759,-1868,0,-6245,-6210,-1561,-1561,-1561,-1561,0,22,-269,-237,-214,-265
7264,10,0,2395,0,-31,3,-7,6,-175,-53,0,68,-933,1000,-1790,-2130,-1943,-2254,0,-7049,-7180,-1762,-1762,-1762,-1762,0,22,-269,-245,-221,-264
7274,10,0,2495,0,-35,-32,-7,0,-124,28,0,65,-957,1000,-2076,-2251,-2097,-2548,0,-7846,-8043,-1961,-1961,-1961,-1961,0,22,-270,-256,-231,-262
7284,10,0,2595,0,-40,-49,-14,-18,-40,20,0,55,-1424,1000,-2423,-2484,-2399,-2884,0,-8647,-8809,-2161,-2161,-2161,-2161,0,22,-276,-267,-241,-266
7294,10,0,2695,0,-51,-28,-38,-36,-65,-116,0,21,-1487,1000,-2646,-2645,-2782,-3023,0,-9447,-9634,-2361,-2361,-2361,-2361,0,22,-286,-272,-243,-272
7304,10,0,2795,0,18,-64,-48,-29,333,-208,0,64,-1250,1000,-2967,-2982,-2576,-3139,0,-10250,-10472,-2562,-2562,-2562,-2562,0,23,-278,-276,-262,-281
7314,10,0,2895,0,-17,-98,-36,-32,-94,-84,0,35,-1715,1000,-3298,-3047,-2951,-3543,0,-11049,-11212,-2762,-2762,-2762,-2762,0,23,-286,-293,-272,-279
7324,10,0,1495,-120,-129,-135,-32,-72,-706,29,0,33,-1699,1000,-3239,-2863,-3305,-4089,-120,-11915,-11917,-2878,-2410,-2980,-3538,0,23,-142,-200,-151,-99
7334,10,196,1532,-79,-92,-64,-58,-101,13,-88,408,34,-1732,1000,-3391,-3309,-3575,-4045,-78,-11785,-12645,-2880,-2575,-2947,-3312,0,23,-130,-262,-148,-21
7344,10,64,1606,-22,-14,20,-68,-72,433,-198,853,70,-1282,1000,-3366,-3786,-3503,-3748,-22,-11454,-13103,-2845,-2759,-2864,-2966,0,23,-104,-239,-121,-2
7354,10,64,1696,0,-7,35,-52,-52,250,-107,0,21,-806,1000,-3343,-3596,-3523,-3475,0,-10924,-13102,-2731,-2731,-2731,-2731,0,23,12,-19,0,16
7364,10,64,1792,0,-14,30,-30,-21,61,7,0,3,-395,1000,-3209,-3362,-3413,-3303,0,-10196,-12865,-2549,-2549,-2549,-2549,0,23,26,-9,11,32
7375,10,64,1888,0,-26,26,-25,15,14,31,0,-18,-192,1000,-3028,-3068,-3280,-3092,0,-9388,-12254,-2347,-2347,-2347,-2347,0,23,38,1,23,46
7385,10,64,1940,0,-11,40,-40,-3,70,-110,0,-22,-53,1000,-2839,-2909,-3078,-2807,0,-8588,-11544,-2147,-2147,-2147,-2147,0,23,50,16,34,55
7395,10,64,1961,0,-33,30,-64,8,-123,-250,0,-2,515,1000,-2615,-2743,-2914,-2784,0,-7792,-11544,-1948,-1948,-1948,-1948,0,23,49,11,34,56
7405,10,64,1839,0,-48,45,-52,30,-108,-37,0,8,781,1000,-2235,-2485,-2673,-2533,0,-6993,-10668,-1748,-1748,-1748,-1748,0,23,-19,-46,-23,-15
7415,10,64,1449,0,-56,34,-48,51,-144,23,0,-7,542,1000,-2140,-2275,-2578,-2420,0,-6193,-9924,-1548,-1548,-1548,-1548,0,23,-17,-43,-24,-11
7425,10,64,1290,0,-65,10,-44,22,-105,85,0,2,48,1000,-2073,-2153,-2449,-2440,0,-5392,-9153,-1348,-1348,-1348,-1348,0,23,-16,-45,-25,-12
7435,10,64,1225,0,-81,15,-63,27,-212,-59,0,24,43,1000,-1844,-2056,-2318,-2398,0,-4592,-8646,-1148,-1148,-1148,-1148,0,23,-10,-43,-19,-10
7445,10,64,1199,0,-53,-1,-73,22,78,-76,0,25,-158,1000,-1906,-2035,-2164,-2306,0,-3792,-8253,-948,-948,-948,-948,0,23,-6,-40,-17,-7
7455,10,64,1189,0,-45,0,-54,5,53,59,0,7,-278,1000,-1903,-1958,-2139,-2185,0,-2991,-7907,-747,-747,-747,-747,0,23,-4,-35,-15,-4
7465,10,64,1184,0,-17,29,-50,4,134,-13,0,-29,253,1000,-1783,-1777,-2007,-1751,0,-2191,-7546,-547,-547,-547,-547,0,23,5,-18,-5,9
7475,10,64,1182,0,-52,20,-45,11,-147,13,0,-8,71,1000,-1616,-1685,-1973,-1865,0,-1395,-7193,-348,-348,-348,-348,0,23,5,-22,-6,5
7485,10,64,1182,0,-68,2,-53,13,-113,-7,0,5,-26,1000,-1502,-1565,-1859,-1896,0,-737,-6793,-184,-184,-184,-184,0,23,7,-22,-5,4
7495,10,64,1181,0,-61,10,-67,18,0,-72,0,-7,-190,1000,-1479,-1513,-1840,-1785,0,-279,-6419,-69,-69,-69,-69,0,23,9,-18,-3,8
7505,10,64,1181,0,-52,2,-64,4,46,-16,0,-5,-187,1000,-1421,-1429,-1702,-1689,0,-22,-6053,-5,-5,-5,-5,0,23,12,-15,0,11
7515,10,64,1181,0,-51,5,-56,3,15,19,0,12,-194,1000,-1290,-1388,-1571,-1624,0,0,-5674,0,0,0,0,0,23,16,-14,5,13
7525,10,64,1181,0,-51,10,-53,8,22,30,0,2,-324,1000,-1232,-1307,-1539,-1524,0,0,-5267,0,0,0,0,0,23,18,-10,7,16
7535,10,64,1181,0,-73,37,-47,5,-175,56,0,19,64,1000,-893,-1171,-1421,-1375,0,0,-4893,0,0,0,0,0,23,24,-4,17,21
7545,10,64,1181,0,-91,56,-52,13,-109,79,0,53,62,1000,-646,-1167,-1333,-1370,0,0,-4528,0,0,0,0,0,23,28,-4,24,21
7555,10,64,1181,0,-79,22,-60,24,14,28,0,3,-101,1000,-789,-930,-1289,-1239,0,0,-4126,0,0,0,0,0,23,25,-1,19,25
7565,10,64,1181,0,-53,25,-69,29,142,-39,0,4,-246,1000,-789,-938,-1166,-1098,0,0,-3722,0,0,0,0,0,23,29,2,24,30
7575,10,64,1181,0,-31,5,-62,29,171,-11,0,-10,-288,1000,-833,-817,-1021,-962,0,0,-3340,0,0,0,0,0,23,32,6,24,34
7585,10,64,1181,0,-21,6,-46,23,159,50,0,5,-218,1000,-712,-772,-847,-851,0,0,-2958,0,0,0,0,0,23,38,11,30,38
7595,10,64,1181,0,-1,-27,-27,10,165,77,0,42,123,1000,-577,-655,-452,-762,0,0,-2593,0,0,0,0,0,23,48,11,34,41
7605,10,64,1181,0,-17,3,-20,8,-48,41,0,29,-240,1000,-502,-660,-592,-723,0,0,-2234,0,0,0,0,0,23,45,16,37,42
7615,10,64,1181,0,-19,2,-23,9,1,6,0,4,-291,1000,-471,-512,-577,-596,0,0,-1862,0,0,0,0,0,23,46,21,38,46
7625,10,64,1181,0,-11,9,-19,8,34,13,0,-6,93,1000,-406,-423,-508,-440,0,0,-1862,0,0,0,0,0,23,51,28,43,51
7635,10,64,1181,0,-15,18,-15,7,-12,21,0,-8,69,1000,-299,-344,-462,-346,0,0,-1504,0,0,0,0,0,23,53,33,47,54
7645,10,64,1181,0,-19,20,-9,9,-44,46,0,5,83,1000,-155,-274,-339,-283,0,0,-1116,0,0,0,0,0,23,60,37,50,56
7655,10,64,1181,0,-15,15,-8,11,20,44,0,0,61,1000,-97,-167,-240,-180,0,0,-732,0,0,0,0,0,23,67,47,54,65
7665,10,0,1181,0,-11,10,-10,10,42,20,0,1,52,1000,-28,-85,-133,-100,0,0,-389,0,0,0,0,0,23,69,55,59,73
8177,11,64,1526,62,11,0,13,-3,-9,-2,-6,-3,46,1000,6,32,65,83,-4,40,138,-171,-126,170,172,0,23,-156,-127,116,142
8187,11,64,1595,142,59,13,23,-1,280,21,258,-6,141,1000,-88,-91,158,266,-4,-29,115,-406,-332,340,373,0,23,-192,-170,163,203
8197,11,64,1683,222,81,26,54,5,246,146,100,-13,289,1000,-110,-130,187,389,-4,-14,70,-621,-517,533,596,0,23,-208,-184,180,216
8207,11,64,1778,302,102,53,96,12,213,281,-67,-19,619,1000,-45,-149,239,596,-4,-18,68,-840,-707,720,814,0,23,-200,-183,186,217
8217,11,64,1876,383,149,99,137,24,384,348,36,-35,994,1000,-19,-224,304,951,-4,-43,105,-1065,-903,902,1026,0,23,-203,-188,187,211
8227,11,64,1975,463,139,91,166,43,62,311,-249,-15,819,1000,19,-250,335,847,-4,-69,215,-1289,-1098,1084,1238,0,23,-202,-198,185,208
8237,11,64,2075,543,172,23,174,51,271,206,64,-22,15,1000,-365,-296,404,672,-4,-159,420,-1530,-1310,1250,1435,0,23,-278,-243,193,231
8247,11,64,2175,623,230,-9,194,39,455,168,286,-29,-119,1000,-599,-339,604,785,-4,-299,562,-1784,-1534,1403,1618,0,23,-296,-264,190,234
8257,11,64,2275,703,300,14,236,28,597,229,368,-69,-178,1000,-853,-483,591,1082,-3,-381,528,-2022,-1743,1570,1817,0,23,-314,-273,216,263
8267,11,192,2354,783,373,-27,284,35,661,309,351,-87,-553,1000,-1267,-610,719,1146,-3,-406,516,-2247,-1938,1752,2029,0,23,-331,-295,222,280
8277,11,192,2388,863,418,-28,318,51,543,321,221,-83,-516,1000,-1395,-731,828,1246,-3,-444,439,-2474,-2137,1932,2239,0,24,-336,-299,230,289
8287,11,64,2402,943,422,19,351,52,207,308,-100,-50,-150,1000,-1202,-895,847,1321,-3,-424,239,-2688,-2321,2125,2462,0,24,-329,-288,238,286
8297,11,193,1496,425,567,64,426,51,1027,394,-652,-165,732,1000,-1591,-892,963,2210,25,182,16,-1066,-1018,987,1256,0,24,0,20,-33,-30
8307,11,197,1560,345,469,138,471,32,-394,410,766,-157,1169,1000,-1098,-791,643,2134,21,-63,-158,-919,-879,748,967,0,24,-15,20,-32,-43
8317,11,196,1645,266,332,69,468,21,-872,153,1029,-56,286,1000,-864,-774,512,1194,16,-149,-158,-733,-703,552,720,0,24,47,58,-61,-82
8327,11,64,1739,186,299,33,368,34,-580,-476,121,-30,68,1000,-841,-729,529,922,11,-137,-157,-521,-500,378,496,0,24,69,71,-79,-101
8337,11,64,1836,106,276,13,330,34,-366,-305,76,-40,-250,1000,-938,-708,397,745,6,-75,-242,-297,-285,217,284,0,24,90,89,-95,-117
8348,11,64,1936,26,233,29,313,24,-395,-91,301,-11,-160,1000,-714,-701,343,610,1,-37,-274,-78,-75,49,66,0,24,104,104,-101,-131
8358,11,0,2035,0,194,31,262,29,-382,-208,0,-17,-121,1000,-615,-596,236,524,0,-1,-300,0,0,0,0,0,24,25,29,-12,-23
8368,11,0,2135,0,169,27,196,31,-264,-386,0,-34,-84,1000,-583,-483,149,489,0,33,-319,8,8,8,8,0,24,27,31,-7,-16
8378,11,0,2235,0,173,19,163,23,-113,-344,0,-10,-35,1000,-552,-520,245,441,0,65,-333,16,16,16,16,0,24,33,35,-6,-12
8388,11,0,2335,0,154,12,159,27,-162,-161,0,-7,22,1000,-487,-446,247,391,0,79,-307,19,19,19,19,0,24,30,31,-7,-12
8398,11,0,2435,0,143,13,152,30,-145,-102,0,-7,-1,1000,-439,-408,228,377,0,60,-229,15,15,15,15,0,24,26,27,-9,-14
8408,11,0,2536,0,125,20,130,23,-155,-162,0,-3,-20,1000,-361,-383,191,342,0,47,-171,11,11,11,11,0,24,21,25,-8,-16
8418,11,0,2636,0,116,20,112,21,-130,-172,0,3,-96,1000,-336,-399,166,282,0,60,-171,15,15,15,15,0,24,26,29,-3,-10
8428,11,0,2736,0,104,27,104,21,-133,-116,0,0,36,1000,-267,-350,145,301,0,80,-182,20,20,20,20,0,24,22,29,-2,-11
8438,11,0,2836,0,90,3,94,17,-168,-118,0,-11,-75,1000,-322,-251,116,222,0,74,-154,18,18,18,18,0,24,23,23,-5,-8
8448,11,0,2936,0,70,25,76,14,-167,-140,0,-3,90,1000,-158,-224,94,242,0,67,-114,16,16,16,16,0,24,13,20,-5,-14
8458,11,0,3036,0,73,17,68,15,-71,-111,0,2,-78,1000,-204,-262,97,190,0,64,-85,16,16,16,16,0,24,18,23,-3,-10
8468,11,0,3136,0,54,11,60,15,-142,-87,0,-3,4,1000,-148,-162,78,164,0,58,-61,14,14,14,14,0,24,16,20,-3,-8
8781,12,64,1503,-10,0,-4,2,0,-15,7,23,3,4,1000,-3,0,22,-13,0,21,-1,33,31,-19,-24,0,24,151,130,-105,-124
8791,12,64,1550,-84,-16,-4,0,-2,-121,-1,119,-4,-3,1000,26,58,-39,-45,0,34,0,239,209,-190,-223,0,24,169,156,-142,-171
8801,12,64,1629,-165,-54,19,-16,0,-289,-52,236,1,-25,1000,183,72,-178,-125,0,36,-5,460,399,-380,-443,0,24,211,180,-173,-208
8811,12,64,1721,-245,-88,20,-57,7,-335,-211,124,-22,-152,1000,181,163,-363,-208,0,39,-56,679,589,-568,-661,0,24,231,213,-191,-235
8821,12,64,1817,-325,-128,1,-105,4,-360,-313,46,-25,-28,1000,264,324,-406,-329,0,69,-116,905,785,-749,-872,0,24,248,228,-200,-241
8831,12,64,1915,-404,-137,13,-141,6,-217,-338,-121,-15,-83,1000,316,280,-444,-365,0,107,-116,1131,981,-927,-1079,0,24,260,239,-211,-256
8841,12,64,2015,-484,-173,10,-174,9,-311,-335,-24,-9,-19,1000,431,364,-502,-475,0,138,-153,1358,1178,-1107,-1290,0,24,274,250,-219,-265
8851,12,64,2115,-565,-226,19,-207,2,-479,-332,147,-19,-117,1000,531,452,-710,-620,0,184,-212,1588,1378,-1285,-1497,0,24,287,264,-228,-275
8861,12,64,2215,-645,-314,73,-258,11,-739,-365,374,-84,-537,1000,633,590,-1309,-726,0,200,-209,1810,1571,-1469,-1711,0,24,300,290,-245,-301
8871,12,64,2315,-725,-372,79,-317,36,-637,-398,239,-81,-639,1000,796,691,-1464,-889,0,186,-157,2025,1756,-1661,-1933,0,24,316,305,-260,-320
8881,12,64,2415,-805,-401,33,-367,43,-491,-400,90,-39,-422,1000,932,821,-1267,-1095,0,199,-157,2247,1948,-1847,-2149,0,24,330,306,-268,-321
8891,12,64,2515,-885,-494,61,-413,33,-727,-328,399,-45,-412,1000,1217,983,-1575,-1288,0,233,-196,2475,2145,-2027,-2358,0,26,349,328,-277,-337
8901,12,196,2615,-965,-568,70,-448,21,-733,-325,408,-90,-561,1000,1299,1202,-1921,-1420,0,261,-216,2700,2340,-2209,-2570,0,26,362,344,-294,-355
8911,12,196,2690,-1045,-652,11,-485,30,-767,-355,412,-109,-433,1000,1395,1607,-2010,-1698,0,302,-262,2929,2539,-2387,-2778,0,26,367,338,-291,-334
8921,12,193,2721,-1125,-730,17,-541,47,-845,-493,352,-264,765,1000,1574,2443,-2309,-1287,0,350,-328,3159,2740,-2564,-2985,0,26,373,355,-287,-318
8931,12,193,2733,-1205,-827,-115,-596,52,-807,-513,294,-306,1316,1000,1629,3230,-2189,-1578,0,386,-326,3387,2937,-2743,-3195,0,29,375,335,-303,-303
8941,12,193,1732,-792,-837,-124,-622,46,-378,-337,-87,-165,1314,1000,1954,2934,-1832,-1910,-133,-254,-278,1846,2119,-1618,-2483,0,29,8,3,18,64
8951,12,196,1799,-713,-643,-44,-646,51,1132,-301,1459,-84,624,1000,1621,1961,-1487,-1529,-119,17,-96,1723,1969,-1395,-2173,0,29,18,9,50,86
8961,12,196,1885,-635,-497,-43,-649,63,1236,-88,1323,-63,-367,1000,1067,1360,-1302,-1379,-106,224,76,1586,1804,-1189,-1881,0,29,-46,-63,51,101
8971,12,196,1980,-556,-446,16,-597,69,820,297,581,-52,100,1000,1235,1241,-1125,-976,-93,200,288,1390,1581,-1040,-1646,0,29,-95,-108,73,124
8981,12,196,2078,-477,-340,87,-543,65,930,398,626,-80,729,1000,1208,1079,-924,-309,-80,58,402,1164,1328,-921,-1441,0,29,-130,-129,79,123
8991,12,192,2146,-398,-330,118,-521,51,394,304,158,-76,934,1000,1283,1007,-928,-192,-66,0,341,959,1096,-781,-1215,0,29,-126,-126,113,163
9001,12,192,2173,-319,-319,42,-481,53,270,369,-144,-37,260,1000,1020,892,-800,-568,-53,2,320,769,879,-625,-973,0,29,-102,-118,91,148
9012,12,192,2185,-240,-249,24,-435,73,529,409,67,-57,-263,1000,635,703,-760,-483,-40,-23,379,573,655,-477,-739,0,29,-121,-142,84,151
9022,12,192,1712,-161,-216,35,-402,75,385,379,0,-51,-12,1000,635,642,-633,-329,-27,-71,358,371,426,-334,-510,0,29,-50,-53,39,70
9032,12,64,1486,-81,-253,52,-329,62,-62,552,-578,-13,19,1000,863,608,-656,-464,-13,-99,379,172,200,-185,-274,0,29,-57,-57,39,61
9042,12,64,1395,-7,-249,44,-269,63,14,487,-468,12,-79,1000,868,528,-585,-545,-1,-138,385,-15,-12,-49,-58,0,29,-56,-59,34,49
9052,12,0,1358,0,-219,29,-264,65,199,175,0,3,-35,1000,741,513,-502,-473,0,-171,340,-42,-42,-42,-42,0,29,-55,-42,8,-1
9062,12,64,1343,0,-209,30,-244,40,138,113,0,6,-252,1000,664,427,-529,-502,0,-175,340,-43,-43,-43,-43,0,29,-63,-48,1,-12
9072,12,0,1337,0,-185,31,-194,40,200,304,0,-5,-294,1000,533,353,-547,-456,0,-132,204,-33,-33,-33,-33,0,29,-29,-19,26,19
9082,12,0,1334,0,-179,20,-173,39,98,243,0,6,-77,1000,549,363,-446,-458,0,-83,101,-20,-20,-20,-20,0,29,-37,-27,17,11
9092,12,0,1333,0,-169,33,-170,34,112,120,0,13,-18,1000,553,284,-448,-431,0,-36,5,-9,-9,-9,-9,0,29,-32,-18,23,16
9102,12,0,1333,0,-145,28,-162,25,177,75,0,0,25,1000,462,282,-400,-339,0,-36,4,-9,-9,-9,-9,0,29,-29,-17,21,14
9112,12,0,1333,0,-127,27,-138,21,168,145,0,4,18,1000,416,226,-349,-300,0,-33,0,-8,-8,-8,-8,0,29,-27,-15,20,12
9122,12,0,1333,0,-125,28,-121,19,89,162,0,8,14,1000,412,205,-341,-308,0,-21,-21,-5,-5,-5,-5,0,29,-26,-14,21,14
9132,12,0,1333,0,-105,21,-112,16,163,112,0,1,3,1000,323,183,-305,-263,0,-6,-45,-1,-1,-1,-1,0,29,-21,-11,20,15
9142,12,0,1333,0,-90,14,-98,11,162,118,0,9,-15,1000,276,135,-241,-257,0,4,-59,1,1,1,1,0,29,-18,-9,19,16
9152,12,0,1333,0,-78,5,-81,7,142,146,0,-2,32,1000,212,171,-210,-206,0,9,-59,2,2,2,2,0,29,-15,-9,17,16
9162,12,0,1333,0,-70,11,-68,4,113,135,0,0,3,1000,205,126,-203,-183,0,7,-48,1,1,1,1,0,29,-15,-8,17,14
9172,12,0,1333,0,-54,5,-57,6,136,116,0,1,22,1000,159,109,-138,-142,0,1,-28,0,0,0,0,0,29,-14,-8,14,12
9852,13,64,1512,49,66,-34,61,-32,20,-39,-61,0,-37,1000,-256,-81,230,107,10,-4,7,-117,-143,91,155,0,31,80,-170,-113,156
9862,13,64,1571,48,66,22,57,-21,34,-40,317,0,32,1000,-143,-219,98,219,90,-24,-55,34,-333,-105,299,0,31,125,-193,-133,199
9872,13,64,1655,47,76,59,61,15,61,-23,185,26,-15,1000,-63,-413,79,240,170,11,-86,199,-510,-287,457,0,31,157,-197,-143,202
9882,13,64,1749,45,70,73,62,61,-4,-20,-72,18,-69,1000,-41,-415,11,266,250,15,-43,357,-694,-478,607,0,31,173,-223,-178,214
9892,13,64,1846,44,58,79,60,88,-85,-27,-146,3,-31,1000,-3,-335,-44,299,330,-2,18,509,-884,-674,752,0,31,194,-241,-202,230
9902,13,64,1946,43,46,90,58,108,-119,-10,-120,-1,53,1000,68,-295,-82,329,411,-31,46,660,-1078,-875,896,0,31,219,-255,-221,246
9912,13,64,2046,41,63,147,58,129,100,14,196,-23,263,1000,148,-353,-168,594,491,-49,89,813,-1269,-1072,1041,0,31,246,-269,-249,260
9922,13,64,2146,40,4,133,52,144,-289,21,-75,38,-225,1000,316,-429,-218,178,571,-77,191,962,-1461,-1270,1183,0,31,259,-292,-263,264
9932,13,64,2245,39,5,165,44,162,-114,37,60,32,-299,1000,344,-510,-324,233,650,-143,191,1101,-1661,-1477,1315,0,31,269,-305,-277,278
9942,13,64,2345,37,26,223,35,188,117,9,242,25,-274,1000,402,-658,-406,439,730,-192,249,1245,-1859,-1681,1452,0,31,278,-317,-293,285
9952,13,196,2445,36,78,318,26,228,388,-56,476,77,-474,1000,498,-1189,-433,598,810,-201,232,1399,-2047,-1875,1599,0,31,287,-327,-304,282
9962,13,196,2520,35,108,408,20,249,270,-64,579,109,-754,1000,612,-1596,-541,735,890,-271,330,1539,-2250,-2084,1731,0,31,279,-333,-310,266
9972,13,192,2550,33,26,367,28,267,-369,21,-139,54,-171,1000,787,-1024,-629,697,970,-302,329,1687,-2443,-2284,1872,0,31,286,-340,-313,288
9983,13,64,2563,32,53,457,23,321,55,-47,380,66,-425,1000,822,-1416,-834,833,1050,-277,236,1851,-2622,-2469,2028,0,31,297,-344,-320,295
9993,13,192,1608,79,121,509,26,336,362,-9,-298,97,-1034,1000,674,-1908,-851,920,475,267,323,759,-1241,-867,1193,0,31,-49,29,33,-82
10003,13,196,1671,66,34,268,31,357,-422,17,1598,14,-312,1000,427,-772,-540,555,396,18,222,582,-1086,-774,943,0,31,-80,33,29,-104
10013,13,196,1756,53,36,159,30,359,-137,0,1098,-16,-201,1000,150,-441,-348,419,317,-257,122,398,-938,-688,687,0,31,-95,61,47,-119
10023,13,192,1850,39,42,183,24,306,-1,-44,-35,2,-278,1000,169,-610,-399,390,238,-238,-8,288,-716,-528,505,0,31,-88,121,100,-127
10033,13,64,1948,26,34,154,21,260,-50,-46,68,8,-196,1000,111,-577,-372,262,159,-172,-241,189,-483,-357,335,0,31,-94,132,110,-127
10043,13,64,2047,13,29,114,22,213,-37,-15,162,24,-182,1000,64,-524,-266,120,80,-37,-322,108,-232,-168,182,0,31,-112,144,123,-146
10053,13,64,2147,1,33,85,25,143,-2,-2,-46,42,33,1000,75,-473,-106,75,7,19,-388,15,-15,-9,21,0,31,-95,155,133,-143
10063,13,0,2247,0,26,68,24,89,-44,-16,0,25,-66,1000,-21,-421,-168,13,0,98,-469,24,24,24,24,0,31,30,44,36,24
10073,13,0,2347,0,25,125,17,67,-9,-49,0,-4,51,1000,44,-460,-365,202,0,167,-518,41,41,41,41,0,31,28,58,49,22
10083,13,0,2447,0,18,101,14,68,-35,-44,0,-7,0,1000,32,-362,-309,165,0,198,-384,49,49,49,49,0,31,8,38,28,3
10093,13,0,2547,0,13,69,18,75,-41,11,0,-7,-70,1000,13,-245,-216,119,0,154,-196,38,38,38,38,0,31,0,23,15,-3
10103,13,0,2647,0,18,54,20,53,30,22,0,-2,-121,1000,-6,-221,-145,109,0,76,-92,19,19,19,19,0,31,-6,13,6,-11
10416,14,64,1516,4,-6,6,0,-1,-43,5,-56,0,-17,1000,24,-3,-36,-8,-41,17,0,-86,91,111,-63,0,31,-148,152,148,-150
10426,14,64,1580,4,9,-54,0,-7,84,4,359,12,-80,1000,-124,52,159,-130,-121,19,-9,-238,281,300,-215,0,31,-185,181,184,-190
10436,14,64,1664,4,13,-94,4,-45,56,8,241,39,-49,1000,-148,76,339,-241,-200,23,-9,-389,469,488,-367,0,31,-202,198,203,-218
10446,14,64,1758,3,6,-106,2,-85,-20,-17,-22,53,-25,1000,-144,66,362,-335,-280,87,-119,-526,674,693,-504,0,31,-204,206,214,-221
10456,14,64,1856,3,-8,-81,5,-107,-91,21,-289,45,201,1000,-58,78,260,-299,-361,180,-293,-655,887,905,-634,0,31,-179,219,228,-207
10466,14,64,1955,3,-19,-61,7,-110,-99,58,-330,28,346,1000,-24,100,152,-252,-441,292,-425,-780,1103,1121,-760,0,31,-179,235,235,-211
10476,14,64,2055,3,-19,-81,4,-110,-43,49,-81,44,460,1000,-8,126,255,-306,-521,354,-466,-917,1308,1325,-897,0,31,-185,253,255,-220
10486,14,196,2155,3,29,-176,0,-128,301,-12,467,45,220,1000,-365,188,551,-400,-601,356,-403,-1069,1498,1514,-1050,0,31,-228,282,267,-239
10496,14,196,2255,3,99,-306,-18,-152,586,-120,834,136,874,1000,-441,278,1421,-481,-681,366,-370,-1219,1689,1704,-1201,0,33,-223,298,283,-251
10506,14,192,2344,3,99,-311,-15,-161,123,-14,208,139,871,1000,-461,263,1423,-516,-761,428,-440,-1357,1893,1908,-1339,0,33,-220,302,289,-248
10516,14,64,2384,3,2,-288,-14,-194,-453,-19,-160,94,74,1000,-413,385,864,-799,-841,431,-292,-1509,2083,2097,-1491,0,34,-268,306,298,-280
10526,14,197,2401,3,70,-437,-22,-249,256,-103,632,185,667,1000,-535,500,1751,-943,-921,409,-284,-1667,2266,2280,-1650,0,34,-244,310,304,-272
10536,14,193,1488,105,97,-427,-22,-255,172,-28,-95,164,978,1000,-587,518,1791,-756,-454,-364,-394,-1248,732,1229,-673,0,34,84,-12,-47,39
10546,14,196,1544,87,0,-272,-22,-282,-507,-30,1268,66,248,1000,-369,483,812,-658,-379,-156,-224,-1005,649,1063,-525,0,34,101,-13,-50,63
10556,14,196,1626,69,-35,-135,-33,-288,-387,-77,1215,13,260,1000,-106,394,293,-359,-301,201,-158,-717,597,926,-335,0,34,142,-14,-62,89
10566,14,64,1719,51,-30,-146,-34,-241,-112,-29,145,-2,339,1000,-109,515,361,-263,-223,405,34,-468,507,751,-185,0,34,152,-41,-99,93
10576,14,64,1816,33,-33,-115,-30,-188,-55,13,108,-20,342,1000,-14,565,306,-104,-146,410,305,-268,367,526,-84,0,34,169,-78,-147,115
10586,14,64,1915,15,-36,-81,-35,-146,-51,-22,126,-6,303,1000,141,504,299,-31,-68,214,536,-119,176,251,-33,0,34,165,-94,-157,97
10596,14,64,2015,0,-38,-59,-41,-80,-47,-46,-146,6,149,1000,226,433,285,-11,-1,-6,732,-4,0,1,-3,0,34,119,-127,-168,62
10606,14,0,2114,0,-34,-56,-41,-43,18,-21,0,8,67,1000,234,423,303,9,0,-176,853,-44,-44,-44,-44,0,34,-62,-68,-56,-54
10616,14,0,2214,0,-18,-75,-36,-31,93,-6,0,-4,-64,1000,74,411,300,-6,0,-292,776,-73,-73,-73,-73,0,34,-44,-61,-50,-40
10626,14,0,2314,0,-23,-56,-31,-36,20,11,0,-9,177,1000,85,361,206,-3,0,-312,421,-78,-78,-78,-78,0,34,-35,-50,-37,-30
11090,15,64,1516,27,5,-1,0,-2,41,5,32,1,-45,1000,-24,-22,8,-2,18,-29,2,-48,-116,14,103,0,34,-5,-162,-20,155
11100,15,64,1579,84,38,48,7,6,242,23,375,3,38,1000,-1,-208,-12,195,75,-26,-21,-93,-382,14,366,0,34,1,-209,-15,223
11110,15,64,1664,140,33,52,28,33,27,95,-34,14,17,1000,37,-236,-9,161,131,-25,-19,-138,-648,14,629,0,34,1,-223,-17,223
11120,15,64,1758,197,32,32,49,53,11,183,-284,17,-160,1000,-22,-227,12,84,188,-36,35,-186,-918,11,889,0,34,-14,-235,-21,210
11130,15,64,1856,253,27,43,65,61,-27,220,-249,12,-127,1000,22,-212,-19,116,245,-59,73,-238,-1190,4,1146,0,34,-8,-247,-26,230
11140,15,64,1955,310,66,63,75,66,239,185,75,9,-113,1000,-64,-353,7,261,301,-73,21,-287,-1460,0,1405,0,34,-18,-259,-22,266
11150,15,64,2055,366,88,92,83,80,254,135,160,-1,-133,1000,-103,-458,-48,386,359,-52,-8,-328,-1724,5,1675,0,34,-27,-272,-30,280
11160,15,64,2155,423,120,102,106,95,291,172,116,-13,-69,1000,-176,-508,-8,539,415,-42,7,-371,-1988,7,1940,0,34,-41,-289,-30,295
11170,15,64,2255,479,145,134,135,109,262,222,137,-19,-121,1000,-210,-639,-51,668,472,-48,7,-418,-2255,5,2199,0,34,-45,-302,-36,310
11180,15,64,2355,535,169,146,160,128,248,224,56,-7,-211,1000,-252,-782,-22,703,528,-38,-10,-461,-2519,7,2464,0,34,-44,-315,-33,321
11190,15,64,2455,592,200,160,184,145,295,214,90,-20,-118,1000,-328,-845,-2,853,585,-8,-60,-500,-2778,14,2735,0,34,-42,-324,-32,336
11200,15,64,2555,648,237,191,202,178,344,146,168,-15,-47,1000,-375,-1036,9,987,642,64,-196,-527,-3027,31,3015,0,34,-33,-324,-22,350
11210,15,64,2655,705,265,225,238,207,318,227,119,-28,181,1000,-379,-1109,-1,1191,698,136,-279,-555,-3276,48,3296,0,34,-34,-337,-24,367
11220,15,196,2755,761,326,279,278,215,502,283,425,-55,424,1000,-460,-1275,-8,1560,755,197,-358,-585,-3527,63,3574,0,34,-28,-341,-19,389
11230,15,64,2855,818,329,285,300,250,187,177,50,-16,52,1000,-471,-1489,-19,1398,812,244,-379,-619,-3782,74,3848,0,34,-30,-357,-22,394
11240,15,64,2955,874,327,282,333,279,117,284,-203,-21,56,1000,-465,-1446,-11,1417,869,234,-311,-667,-4051,71,4109,0,34,-29,-366,-22,405
11250,15,64,3056,931,356,300,374,312,201,380,-225,-17,-118,1000,-533,-1600,-8,1490,925,235,-264,-713,-4318,71,4371,0,34,-30,-382,-25,417
11260,15,64,3156,987,365,321,388,341,67,241,-247,-37,162,1000,-479,-1541,-4,1681,982,231,-219,-760,-4586,69,4633,0,34,-30,-392,-25,433
11270,15,64,3256,1044,436,370,410,353,413,226,236,-31,-1,1000,-614,-1887,11,1902,1039,269,-256,-796,-4843,78,4905,0,34,-29,-409,-23,450
11280,15,196,3356,1100,485,470,453,376,503,329,559,-64,465,1000,-515,-2044,-71,2412,1096,293,-265,-836,-5104,84,5174,0,34,-30,-423,-27,475
11291,15,64,3451,1157,494,483,479,418,255,247,104,-56,539,1000,-467,-2087,-33,2476,1152,291,-220,-882,-5372,82,5436,0,34,-31,-434,-24,484
11301,15,196,3500,1213,638,610,505,449,972,263,1020,-68,909,1000,-510,-2566,104,3264,1209,269,-74,-933,-5644,77,5693,0,34,-41,-454,-13,490
11311,15,193,3519,1270,672,651,539,469,501,295,341,-160,1639,1000,-570,-2359,14,3786,1266,236,-187,-987,-5919,68,5948,0,34,-33,-418,-15,490
11321,15,128,2267,706,713,631,556,484,433,222,-154,-148,1160,1000,-771,-2513,114,3761,630,3,-8,-723,-3152,180,3137,0,34,-53,18,62,-10
11331,15,192,2315,654,697,624,587,478,57,306,319,-144,1290,1000,-674,-2410,161,3754,584,148,95,-634,-2883,203,2942,0,34,-49,101,70,-67
11341,15,196,2393,595,533,391,633,510,-940,342,2031,-96,431,1000,-730,-1760,277,2593,530,144,297,-573,-2618,187,2676,0,34,-60,95,43,-113
11351,15,196,2485,535,484,320,592,494,-597,-169,907,-34,32,1000,-706,-1735,378,2085,477,37,274,-539,-2378,145,2384,0,34,-51,120,40,-139
11361,15,192,2581,475,462,296,505,444,-414,-543,72,15,-385,1000,-741,-1903,352,1720,424,25,76,-481,-2115,127,2117,0,34,-40,149,45,-159
11371,15,196,2680,416,395,233,503,422,-588,-218,523,53,-750,1000,-702,-1794,331,1230,371,126,22,-394,-1824,137,1877,0,34,-28,163,54,-158
11381,15,196,2780,355,357,184,525,387,-475,26,529,93,-1114,1000,-691,-1776,367,862,317,134,42,-331,-1553,124,1612,0,34,-38,173,40,-197
11391,15,192,2864,296,373,229,506,359,-86,-118,-254,24,-276,1000,-612,-1563,317,1327,264,126,-49,-272,-1289,106,1345,0,34,-33,185,47,-188
11401,15,192,2900,236,346,197,441,320,-183,-431,-321,-19,-138,1000,-658,-1282,255,1321,211,174,-49,-199,-1012,103,1094,0,34,-33,195,44,-196
11411,15,192,2915,177,303,160,402,315,-311,-405,11,-3,-142,1000,-610,-1166,245,1060,158,253,-186,-118,-726,108,849,0,34,-9,199,55,-178
11421,15,192,2465,117,282,137,380,270,-266,-288,-72,21,-114,1000,-541,-1119,318,910,104,277,-193,-51,-454,99,589,0,34,-16,91,47,-79
11431,15,192,2091,57,287,169,359,248,-79,-242,-373,7,124,1000,-465,-1117,278,1073,51,299,-206,15,-182,89,330,0,34,-15,91,51,-73
11441,15,64,1938,3,269,147,315,222,-162,-270,-97,2,88,1000,-477,-1017,265,983,3,314,-203,74,62,79,94,0,34,-4,95,47,-59
11451,15,0,1877,0,236,122,280,181,-265,-230,0,-7,-23,1000,-479,-879,197,841,0,321,-186,80,80,80,80,0,34,54,82,23,-3
11461,15,0,1851,0,226,146,258,153,-194,-160,0,-3,24,1000,-377,-900,150,876,0,311,-144,77,77,77,77,0,34,56,91,33,-1
11471,15,0,1841,0,197,126,237,142,-250,-120,0,-20,77,1000,-332,-703,124,832,0,267,-43,66,66,66,66,0,34,42,75,22,-9
11481,15,0,1837,0,191,111,198,127,-107,-242,0,-21,26,1000,-325,-630,169,814,0,213,101,53,53,53,53,0,34,13,48,-3,-39
11491,15,0,1835,0,188,113,172,114,-58,-256,0,-5,-60,1000,-278,-664,195,774,0,134,187,33,33,33,33,0,34,27,59,8,-26
11501,15,0,1835,0,176,101,171,104,-70,-111,0,0,-154,1000,-267,-637,201,695,0,95,235,23,23,23,23,0,34,11,44,-4,-40
11511,15,0,1835,0,149,93,163,87,-203,-102,0,0,-60,1000,-182,-529,180,633,0,67,247,16,16,16,16,0,34,17,46,3,-30
11521,15,0,1834,0,136,91,139,80,-154,-170,0,-6,6,1000,-142,-452,159,633,0,34,272,8,8,8,8,0,34,12,42,1,-33
11531,15,0,1834,0,134,89,126,78,-97,-152,0,-7,-112,1000,-164,-464,133,598,0,0,294,0,0,0,0,0,34,0,31,-8,-46
11541,15,0,1834,0,114,73,116,72,-149,-126,0,-4,-112,1000,-138,-386,131,510,0,-21,294,-5,-5,-5,-5,0,34,2,29,-6,-40
11551,15,0,1834,0,98,75,98,67,-144,-155,0,4,-4,1000,-63,-366,118,458,0,-16,219,-4,-4,-4,-4,0,34,21,46,12,-18
11561,15,0,1834,0,89,67,82,62,-118,-162,0,5,34,1000,-59,-341,106,402,0,-5,133,-1,-1,-1,-1,0,34,19,43,11,-18
11571,15,0,1834,0,72,54,73,55,-141,-123,0,-4,-31,1000,-89,-277,47,327,0,24,88,6,6,6,6,0,34,23,44,13,-11
11581,15,0,1834,0,67,48,64,49,-85,-110,0,-4,5,1000,-85,-248,48,304,0,33,57,8,8,8,8,0,34,20,41,11,-12
11591,15,0,1834,0,61,40,52,41,-75,-124,0,-4,16,1000,-85,-218,51,266,0,43,32,10,10,10,10,0,34,22,41,12,-9
11904,16,0,1500,-4,-1,8,0,-2,-21,-1,0,5,62,1000,48,-12,4,16,1,10,2,17,9,-10,-6,0,34,5,125,19,-118
11914,16,64,1537,-50,-3,-6,0,-1,-23,3,61,1,-39,1000,-11,11,2,-32,-44,18,4,56,228,-8,-218,0,34,-4,156,16,-169
11924,16,64,1612,-106,-28,-22,-8,-7,-150,-24,171,6,-60,1000,33,91,-11,-149,-101,18,4,102,495,-8,-481,0,34,5,192,17,-213
11934,16,64,1701,-163,-29,-36,-32,-28,-36,-133,-44,3,-79,1000,-16,115,-6,-189,-158,48,-49,155,769,0,-736,0,34,3,213,20,-235
11944,16,64,1797,-219,-39,-40,-51,-46,-85,-185,-124,0,-12,1000,-9,144,-37,-228,-214,110,-153,217,1051,15,-983,0,34,13,232,23,-239
11955,16,64,1896,-276,-53,-47,-65,-57,-119,-181,-79,0,48,1000,14,200,-56,-273,-271,154,-206,274,1329,26,-1235,0,34,16,259,24,-255
11965,16,64,1995,-332,-78,-71,-82,-68,-194,-188,40,6,-10,1000,29,276,-62,-427,-328,188,-236,328,1604,35,-1489,0,34,21,272,26,-266
11975,16,64,2095,-389,-94,-81,-101,-86,-166,-196,-49,3,4,1000,42,339,-90,-488,-384,227,-274,384,1881,45,-1742,0,34,26,284,26,-272
11985,16,64,2195,-445,-124,-109,-123,-103,-248,-220,55,-9,38,1000,52,515,-119,-589,-441,251,-278,436,2154,52,-1998,0,34,29,300,25,-283
11995,16,64,2295,-502,-161,-137,-154,-118,-311,-265,115,11,-13,1000,138,612,-94,-793,-498,250,-245,482,2421,52,-2261,0,34,46,313,32,-298
12005,16,64,2395,-559,-190,-162,-175,-143,-307,-204,136,9,-18,1000,165,741,-111,-917,-554,276,-247,534,2694,59,-2517,0,34,52,327,32,-311
12015,16,64,2495,-615,-236,-193,-199,-170,-388,-180,219,34,-46,1000,287,863,-82,-1155,-611,269,-212,579,2959,57,-2782,0,34,58,341,38,-329
12025,16,64,2595,-672,-273,-247,-235,-199,-388,-222,309,-3,130,1000,244,1215,-93,-1236,-668,298,-220,632,3233,65,-3037,0,34,62,363,39,-340
12035,16,196,2670,-728,-362,-320,-268,-226,-710,-229,690,-23,424,1000,378,1721,-105,-1500,-724,313,-215,682,3504,69,-3296,0,34,64,381,41,-352
12045,16,196,2700,-785,-447,-414,-291,-245,-744,-238,767,-78,632,1000,373,2338,-161,-1734,-781,314,-185,728,3771,70,-3559,0,34,65,401,33,-365
12055,16,197,2713,-841,-475,-469,-318,-265,-509,-261,526,-150,1133,1000,307,2829,-155,-1644,-838,345,-215,781,4045,78,-3814,0,34,71,417,33,-363
12065,16,192,1718,-468,-546,-532,-348,-277,-585,-291,-513,-142,1351,1000,458,3184,-93,-1917,-468,-143,-192,346,2171,-35,-2210,0,34,86,9,-19,62
12075,16,196,1784,-411,-386,-310,-380,-291,806,-310,1756,-104,1168,1000,498,2160,-179,-1167,-411,120,-131,366,1971,31,-1881,0,34,96,0,-3,96
12085,16,196,1871,-355,-317,-207,-386,-283,632,-113,1195,-27,413,1000,558,1454,-183,-1059,-355,324,171,371,1755,81,-1567,0,34,79,-49,-7,110
12095,16,64,1965,-298,-314,-192,-336,-223,298,230,175,2,367,1000,707,1399,-72,-1021,-298,327,473,325,1489,82,-1304,0,34,57,-102,-14,121
12105,16,64,2063,-241,-299,-159,-303,-214,199,253,186,21,135,1000,770,1240,-62,-957,-241,130,712,230,1172,33,-1090,0,34,28,-122,-36,91
12115,16,64,2163,-184,-287,-125,-301,-189,141,108,205,25,92,1000,824,1137,-95,-854,-185,-133,808,117,838,-33,-892,0,34,13,-136,-47,96
12125,16,64,2263,-128,-250,-128,-286,-134,293,100,31,9,3,1000,657,1070,-65,-751,-128,-294,793,31,531,-73,-669,0,34,11,-148,-48,118
12135,16,64,2362,-72,-216,-100,-241,-117,284,253,48,5,-14,1000,607,929,-68,-600,-72,-366,793,-32,248,-91,-426,0,34,3,-163,-52,131
12145,16,64,2462,-15,-205,-89,-201,-106,179,330,-72,-2,93,1000,590,905,-75,-526,-15,-380,721,-82,-20,-95,-168,0,34,0,-173,-52,123
12155,16,0,2562,0,-176,-74,-183,-74,225,233,0,7,-69,1000,510,729,-65,-485,0,-430,691,-107,-107,-107,-107,0,34,-78,-92,-44,-36
12165,16,0,2662,0,-157,-87,-155,-57,189,255,0,16,-308,1000,386,621,-37,-546,0,-464,655,-116,-116,-116,-116,0,34,-78,-96,-50,-40
12175,16,0,2763,0,-158,-90,-137,-73,81,237,0,17,-318,1000,342,587,-74,-598,0,-433,497,-108,-108,-108,-108,0,34,-47,-71,-24,-6
12185,16,0,2863,0,-137,-69,-125,-72,169,201,0,3,-86,1000,258,491,-140,-502,0,-342,129,-85,-85,-85,-85,0,34,-13,-38,2,23
12195,16,0,2963,0,-121,-61,-110,-62,137,184,0,7,44,1000,192,376,-158,-502,0,-143,-192,-35,-35,-35,-35,0,34,10,-13,20,45
12205,16,0,3063,0,-108,-50,-100,-62,134,146,0,8,121,1000,162,295,-175,-469,0,3,-353,0,0,0,0,0,34,13,-5,23,46
12215,16,0,3163,0,-102,-36,-94,-51,90,110,0,8,240,1000,208,286,-154,-389,0,27,-322,6,6,6,6,0,34,0,-13,13,31
12225,16,0,3263,0,-85,-37,-85,-42,134,103,0,8,60,1000,145,233,-128,-357,0,8,-199,2,2,2,2,0,34,-26,-35,-10,3
12235,16,0,3363,0,-73,-41,-72,-38,114,120,0,9,-27,1000,107,212,-85,-337,0,-41,-110,-10,-10,-10,-10,0,34,-24,-36,-11,2
12245,16,0,3463,0,-65,-45,-63,-35,105,106,0,7,26,1000,95,230,-42,-295,0,-54,-78,-13,-13,-13,-13,0,34,-11,-27,-3,13
12255,16,0,3543,0,-48,-34,-55,-32,168,89,0,0,16,1000,45,176,-56,-220,0,-35,-102,-8,-8,-8,-8,0,34,-8,-21,-2,12
12265,16,0,3577,0,-43,-34,-44,-28,97,98,0,-2,-1,1000,19,162,-53,-208,0,-22,-110,-5,-5,-5,-5,0,34,-6,-20,-1,14
13177,17,64,1503,-27,-29,-56,-33,-52,18,-4,45,-2,-37,1000,-42,200,45,-194,-58,16,-4,-32,205,77,-181,0,34,-149,82,161,-49
13187,17,64,1550,25,-25,-61,-33,-53,48,-9,84,-4,25,1000,-42,231,90,-161,-109,141,38,-244,231,354,-103,0,34,-173,77,169,-44
13197,17,64,1629,83,-11,-79,-25,-63,80,18,102,-2,-32,1000,-112,233,165,-167,-164,120,81,-513,221,615,-56,0,34,-202,73,186,-47
13207,17,64,1720,141,-7,-82,-12,-78,52,77,-38,10,-14,1000,-83,216,232,-170,-220,98,136,-782,210,877,-10,0,34,-204,73,198,-46
13217,17,64,1817,199,5,-79,4,-85,112,127,-61,-3,-48,1000,-142,215,224,-96,-275,53,180,-1057,193,1132,30,0,34,-230,73,206,-32
13227,17,64,1915,256,17,-90,17,-92,128,135,-6,0,-42,1000,-167,223,307,-75,-331,29,249,-1327,182,1392,75,0,34,-247,73,219,-25
13237,17,64,2015,314,31,-92,32,-101,131,143,-54,-7,-53,1000,-218,224,336,-9,-386,-28,303,-1605,162,1645,112,0,34,-267,70,225,-14
13247,17,64,2116,372,39,-96,49,-107,101,174,-85,-1,42,1000,-213,223,400,9,-442,-71,288,-1881,146,1903,154,0,34,-277,72,238,-6
13258,17,64,2216,430,70,-122,69,-113,226,199,85,0,-8,1000,-359,191,526,26,-497,-88,282,-2149,136,2166,201,0,34,-292,69,250,-1
13268,17,64,2316,488,79,-117,87,-126,145,200,-98,-3,-14,1000,-370,173,531,75,-553,-110,318,-2418,125,2427,247,0,34,-302,65,255,4
13277,17,64,2415,545,104,-138,106,-139,203,198,16,-4,157,1000,-441,210,681,148,-608,-153,318,-2690,109,2681,288,0,34,-314,70,266,19
13288,17,64,2515,603,116,-125,125,-145,140,206,-147,-7,220,1000,-429,183,695,237,-663,-199,354,-2966,92,2936,328,0,34,-324,67,271,26
13298,17,64,2615,660,171,-169,147,-155,355,188,211,-19,-1,1000,-728,146,859,291,-719,-267,421,-3246,70,3186,362,0,34,-344,54,278,21
13308,17,64,2715,718,197,-183,181,-165,286,248,109,-22,-27,1000,-818,145,959,355,-774,-340,505,-3528,46,3434,396,0,36,-357,49,280,15
13318,17,64,2815,776,240,-223,207,-193,378,212,243,-19,-131,1000,-1021,114,1150,378,-830,-415,552,-3811,22,3682,429,0,37,-374,39,290,13
13328,17,64,2915,834,247,-213,227,-204,215,165,32,-2,92,1000,-946,70,1224,417,-885,-411,483,-4073,17,3950,481,0,37,-382,33,304,13
13338,17,64,3016,891,265,-224,254,-219,176,203,-23,2,192,1000,-992,56,1317,448,-940,-433,437,-4342,6,4211,528,0,37,-393,29,313,12
13348,17,64,3116,949,293,-260,288,-237,282,298,111,-23,-86,1000,-1275,52,1321,425,-996,-426,377,-4604,3,4480,581,0,37,-413,28,325,13
13358,17,64,3216,1007,323,-286,320,-271,268,293,-4,-13,-53,1000,-1395,9,1467,425,-1051,-432,305,-4869,-3,4745,631,0,37,-427,21,344,16
13368,17,64,3316,1065,373,-312,339,-291,428,201,239,-7,-75,1000,-1607,-97,1627,467,-1107,-395,188,-5124,0,5021,692,0,38,-444,2,364,17
13378,17,64,3416,1122,403,-339,366,-314,387,193,239,-34,-332,1000,-1878,-119,1610,473,-1162,-361,115,-5379,3,5296,752,0,38,-463,-2,372,15
13388,17,0,2282,475,463,-388,399,-354,412,245,-138,-77,-644,1000,-2321,-131,1669,538,-408,41,53,-2067,-147,2092,527,0,38,30,-73,-81,37
13398,17,64,2329,422,461,-380,449,-369,163,344,190,-74,-543,1000,-2280,-143,1665,556,-362,-127,2,-1878,-172,1818,427,0,38,64,-88,-150,20
13408,17,196,2408,361,344,-216,481,-345,-667,307,1276,-50,-334,1000,-1567,-281,1092,530,-310,-266,-85,-1647,-186,1517,326,0,38,138,-77,-179,29
13418,17,196,2499,300,322,-200,453,-335,-365,-113,425,-18,25,1000,-1371,-309,1119,466,-258,-241,-298,-1375,-160,1257,266,0,38,165,-62,-177,41
13428,17,192,2596,240,317,-145,386,-323,-181,-416,70,1,139,1000,-1217,-485,1021,508,-206,-95,-441,-1073,-103,1028,237,0,38,180,-38,-164,49
13438,17,192,2694,179,285,-117,365,-276,-259,-278,34,15,493,1000,-963,-427,997,529,-154,-2,-462,-785,-60,785,194,0,38,199,-36,-191,39
13448,17,192,2794,118,273,-129,362,-246,-153,-153,-150,11,244,1000,-992,-392,954,448,-101,25,-341,-512,-32,526,135,0,38,208,-43,-218,21
13458,17,192,2894,57,260,-114,335,-214,-136,-240,-183,-26,-100,1000,-1071,-363,733,464,-49,-2,-238,-253,-19,252,62,0,38,215,-42,-232,8
13468,17,64,2994,3,214,-75,290,-190,-347,-351,13,0,130,1000,-766,-361,647,406,-2,-30,-271,-21,-8,6,-3,0,38,236,-16,-231,-13
13478,17,0,3094,0,171,-68,244,-139,-359,-274,0,4,104,1000,-641,-305,525,278,0,6,-308,1,1,1,1,0,38,31,9,-28,-12
13488,17,0,3195,0,186,-130,195,-107,-43,-332,0,-8,136,1000,-833,-167,672,224,0,50,-356,12,12,12,12,0,38,48,7,-35,0
13498,17,0,3295,0,175,-107,160,-110,-103,-349,0,-5,95,1000,-760,-211,585,220,0,103,-357,25,25,25,25,0,38,42,8,-34,-3
13508,17,0,3394,0,133,-66,175,-110,-308,-26,0,-1,98,1000,-558,-219,402,176,0,129,-357,32,32,32,32,0,38,39,16,-19,2
13518,17,0,3494,0,108,-64,156,-76,-235,-33,0,-5,-33,1000,-518,-176,309,101,0,130,-307,32,32,32,32,0,38,37,14,-17,4
13528,17,0,3557,0,102,-52,111,-71,-142,-236,0,-3,12,1000,-444,-164,301,133,0,112,-234,28,28,28,28,0,38,32,12,-18,1
13538,17,0,3583,0,96,-42,100,-63,-97,-152,0,6,39,1000,-378,-191,296,123,0,126,-226,31,31,31,31,0,38,33,15,-15,1
13548,17,0,3593,0,81,-32,95,-43,-135,-77,0,-4,-68,1000,-367,-178,188,97,0,142,-221,35,35,35,35,0,38,32,16,-11,4
13558,17,0,3597,0,64,-32,73,-37,-145,-138,0,-6,63,1000,-281,-90,184,100,0,135,-177,33,33,33,33,0,38,29,14,-10,5
13568,17,0,3599,0,71,-33,61,-29,-20,-135,0,0,-12,1000,-297,-132,209,91,0,130,-144,32,32,32,32,0,38,35,18,-8,8
13881,18,0,1500,-11,-12,-10,0,0,-96,0,0,2,-4,1000,17,47,2,-58,-1,9,1,30,33,-20,-31,0,38,140,0,-113,7
13891,18,64,1537,-57,-7,0,0,-3,-38,6,68,-3,11,1000,17,31,-26,-9,44,57,0,255,44,-225,-57,0,38,164,-5,-149,2
13901,18,64,1612,-113,-30,21,-10,9,-148,-32,129,-8,-27,1000,105,42,-145,-22,101,42,27,514,39,-496,-106,0,38,198,-6,-184,-4
13911,18,64,1701,-170,-31,34,-28,24,-55,-103,-5,-8,-78,1000,133,16,-173,1,158,13,87,770,31,-770,-158,0,38,216,-17,-210,-10
13922,18,64,1797,-226,-42,42,-47,36,-102,-162,-36,-3,-54,1000,204,22,-193,-11,214,-13,114,1026,24,-1043,-211,0,38,244,-16,-224,-12
13932,18,64,1896,-283,-51,52,-64,49,-97,-188,-78,6,-5,1000,284,9,-196,-25,271,-27,123,1285,20,-1313,-260,0,38,257,-21,-236,-16
13942,18,64,1995,-339,-63,51,-80,61,-95,-189,-130,3,-48,1000,302,42,-236,-58,328,-48,144,1542,14,-1586,-310,0,38,267,-18,-249,-22
13952,18,64,2095,-395,-97,70,-96,72,-232,-189,30,0,-60,1000,419,84,-375,-109,385,-59,143,1802,10,-1855,-359,0,41,281,-13,-265,-31
13962,18,64,2195,-452,-125,79,-120,83,-261,-210,11,0,-36,1000,520,130,-458,-171,441,-61,126,2064,9,-2123,-405,0,43,295,-6,-278,-42
13972,18,64,2295,-508,-156,106,-147,99,-303,-238,91,5,-112,1000,644,105,-607,-234,498,-66,115,2326,7,-2391,-452,0,46,309,-13,-293,-48
13982,18,64,2395,-565,-175,126,-175,121,-220,-254,1,3,-52,1000,743,119,-689,-229,555,-72,109,2587,4,-2659,-499,0,48,322,-12,-307,-49
13992,18,64,2495,-621,-219,146,-207,137,-367,-285,103,7,-95,1000,888,149,-851,-343,612,-73,68,2849,3,-2926,-544,0,48,337,-7,-318,-45
14002,18,64,2596,-678,-256,185,-245,158,-360,-314,140,2,-173,1000,1027,127,-1067,-385,669,-62,40,3116,5,-3192,-588,0,48,351,-13,-335,-47
14012,18,64,2696,-734,-277,209,-266,192,-297,-243,85,25,-17,1000,1217,98,-1081,-406,726,-51,32,3382,7,-3457,-630,0,48,367,-19,-346,-47
14022,18,64,2795,-790,-340,261,-288,219,-511,-174,398,19,-8,1000,1475,143,-1362,-466,782,-52,32,3642,6,-3721,-676,0,48,386,-15,-368,-49
14032,18,64,2896,-847,-389,304,-327,248,-501,-249,319,-9,-304,1000,1562,159,-1724,-522,839,-66,51,3901,2,-3991,-725,0,48,399,-14,-390,-50
14042,18,196,2975,-903,-455,371,-383,303,-625,-321,416,-19,-443,1000,1826,161,-2084,-578,896,-98,99,4156,-6,-4266,-778,0,48,410,-18,-409,-54
14052,18,196,3009,-960,-518,436,-421,318,-582,-355,427,-48,-600,1000,2025,191,-2489,-599,952,-116,116,4414,-12,-4538,-828,0,48,416,-13,-423,-56
14062,18,192,3022,-1016,-539,448,-461,341,-372,-386,64,-48,-737,1000,2074,183,-2601,-667,1009,-130,125,4673,-16,-4808,-877,0,48,417,-15,-428,-57
14072,18,192,1930,-538,-661,589,-488,349,-913,-312,-1037,-77,-798,1000,2592,182,-3318,-692,451,32,87,2340,213,-2324,-599,0,48,-66,56,17,-85
14082,18,196,1993,-477,-530,370,-519,397,577,-320,1661,-27,-617,1000,1968,316,-2321,-809,399,-125,103,2035,150,-2098,-569,0,48,-95,41,53,-73
14092,18,196,2079,-415,-435,207,-506,377,640,-26,1292,-21,-618,1000,1392,440,-1719,-897,348,-95,17,1777,134,-1824,-492,0,48,-124,37,99,-50
14102,18,64,2173,-354,-447,224,-473,309,179,189,-50,32,-174,1000,1656,378,-1570,-929,296,-45,-89,1523,123,-1546,-411,0,48,-125,45,129,-39
14112,18,64,2270,-292,-411,197,-448,285,247,147,182,27,-10,1000,1510,387,-1417,-854,245,15,-188,1273,115,-1265,-326,0,48,-140,48,151,-32
14122,18,64,2369,-231,-378,165,-418,249,306,181,216,16,-241,1000,1275,350,-1354,-863,194,48,-203,1015,100,-991,-249,0,48,-157,39,154,-37
14132,18,64,2469,-170,-365,165,-370,192,183,326,-218,10,-175,1000,1242,352,-1323,-800,142,66,-206,754,81,-721,-175,0,48,-169,39,167,-33
14142,18,64,2569,-108,-336,139,-334,171,241,338,-52,5,-256,1000,1092,346,-1213,-772,91,61,-166,486,56,-456,-107,0,48,-183,35,180,-23
14152,18,64,2669,-47,-301,121,-316,152,286,213,68,20,-114,1000,1036,307,-1012,-700,39,63,-146,222,33,-190,-37,0,48,-195,34,195,-14
14162,18,0,2769,0,-267,122,-286,114,363,267,-42,1,-322,1000,853,223,-1027,-615,0,69,-135,17,17,17,17,0,48,-41,-3,51,24
14172,18,0,2869,0,-205,81,-229,84,548,422,0,22,-33,1000,729,199,-656,-491,0,68,-113,17,17,17,17,0,48,-29,-3,40,23
14182,18,0,2969,0,-206,107,-194,81,151,326,0,35,270,1000,892,194,-606,-388,0,61,-82,15,15,15,15,0,48,-35,0,44,19
14192,18,0,3069,0,-212,106,-201,86,38,107,0,10,50,1000,804,219,-729,-400,0,57,-61,14,14,14,14,0,48,-38,-2,45,19
14202,18,0,3169,0,-187,112,-201,82,175,61,0,16,-57,1000,723,98,-703,-367,0,71,-91,17,17,17,17,0,48,-23,12,56,29
14212,18,0,3269,0,-161,107,-167,85,222,206,0,-13,59,1000,621,165,-662,-202,0,77,-42,19,19,19,19,0,48,-40,-1,38,7
14222,18,0,3370,0,-143,114,-143,85,189,215,0,-23,187,1000,614,182,-610,-66,0,56,33,14,14,14,14,0,48,-43,-1,35,1
14233,18,0,3470,0,-119,99,-133,81,231,139,0,-29,122,1000,500,167,-544,-25,0,18,65,4,4,4,4,0,48,-40,-2,31,0
14243,18,0,3547,0,-80,66,-108,69,326,158,0,-45,-127,1000,234,131,-475,-8,0,-2,70,0,0,0,0,0,48,-29,-1,25,1
14253,18,0,3578,0,-91,24,-89,57,59,157,0,-14,-439,1000,174,102,-402,-264,0,-8,70,-2,-2,-2,-2,0,48,-26,-9,20,8
14263,18,0,3591,0,-100,33,-89,41,-13,84,0,-7,-226,1000,283,136,-376,-236,0,-9,62,-2,-2,-2,-2,0,48,-29,-9,23,8
14273,18,0,3596,0,-96,48,-80,37,12,112,0,-6,-120,1000,336,119,-365,-165,0,-30,89,-7,-7,-7,-7,0,48,-34,-9,23,3
14283,18,0,3599,0,-91,47,-70,34,47,144,0,-3,-35,1000,352,132,-319,-133,0,-48,109,-12,-12,-12,-12,0,48,-36,-11,21,0
14293,18,0,3599,0,-80,39,-65,30,77,111,0,-4,-123,1000,275,97,-302,-144,0,-43,84,-10,-10,-10,-10,0,48,-33,-10,20,1
14303,18,0,3600,0,-64,33,-61,29,125,86,0,13,24,1000,291,58,-178,-119,0,-34,57,-8,-8,-8,-8,0,48,-30,-8,19,1
14313,18,0,3600,0,-56,29,-52,25,95,96,0,4,-5,1000,232,66,-181,-95,0,-37,54,-9,-9,-9,-9,0,48,-29,-8,18,0
14323,18,0,3600,0,-42,32,-40,18,122,111,0,-1,-44,1000,176,26,-181,-50,0,-36,44,-9,-9,-9,-9,0,48,-28,-6,17,-1
14821,19,64,1520,21,46,-34,49,-43,-28,-4,96,0,69,1000,-166,0,215,87,-21,70,37,-82,19,119,33,0,49,111,-7,-86,39
14831,19,0,1587,0,34,-6,43,-32,-96,-33,0,5,145,1000,-39,-22,166,126,0,360,77,90,90,90,90,0,49,109,94,78,103
14841,19,64,1673,0,19,-30,27,-13,-131,-96,0,8,29,1000,-22,75,210,48,0,851,255,212,212,212,212,0,49,171,147,128,171
14851,19,64,1769,0,2,-49,8,-8,-156,-134,0,10,-295,1000,53,216,282,22,0,1551,827,387,387,387,387,0,49,193,168,149,193
14861,19,0,1866,0,3,-26,4,-8,-52,-70,0,12,-403,1000,282,338,419,248,0,2348,1666,587,587,587,587,0,49,245,210,190,248
14871,19,0,1965,0,-7,21,1,-4,-111,-45,0,9,478,1000,618,481,490,535,0,3142,1666,785,785,785,785,0,49,263,237,220,269
14881,19,0,2065,0,14,5,-6,8,131,-61,0,-70,134,1000,485,789,510,864,0,3942,2522,985,985,985,985,0,49,275,245,223,275
14891,19,0,2165,0,30,13,2,10,154,-20,0,-32,570,1000,900,1001,988,1205,0,4743,3536,1185,1185,1185,1185,0,49,279,252,226,276
14901,19,0,2265,0,24,22,-1,15,19,-89,0,-5,1165,1000,1394,1334,1417,1550,0,5543,4551,1385,1385,1385,1385,0,50,280,256,232,278
14912,19,0,2365,0,21,22,-11,19,7,-149,0,20,1323,1000,1744,1561,1765,1771,0,6344,5539,1586,1586,1586,1586,0,50,283,260,237,281
14922,19,0,2465,0,19,37,13,5,-4,54,0,23,1583,1000,2096,1835,2044,2102,0,7145,6528,1786,1786,1786,1786,0,50,283,265,242,282
14932,19,0,2565,0,1,53,12,24,-76,20,0,5,1776,1000,2418,2165,2201,2406,0,7945,7462,1986,1986,1986,1986,0,50,282,271,251,285
14942,19,0,2665,0,11,15,2,34,60,-57,0,5,2005,1000,2616,2525,2610,2656,0,8746,8416,2186,2186,2186,2186,0,50,292,271,249,292
14952,19,0,2765,0,-37,41,-12,27,-228,-97,0,3,1937,1000,3010,2804,2642,2790,0,9545,9346,2386,2386,2386,2386,0,50,285,273,262,298
14962,19,0,2865,0,-10,40,-26,30,51,-143,0,11,2031,1000,3200,2968,2976,3091,0,10346,10241,2586,2586,2586,2586,0,50,293,281,264,298
14972,19,0,2965,0,-27,47,-36,46,-76,-165,0,6,2044,1000,3477,3234,3135,3296,0,11146,11142,2786,2786,2786,2786,0,50,293,285,272,303
14982,19,64,1678,3,-12,56,-28,48,29,-80,-84,9,2218,1000,3723,3434,3423,3616,62,12000,12029,3109,2843,2861,3130,0,50,5,310,281,-5
14992,19,0,1733,0,-49,24,-31,58,-219,-93,326,10,1727,1000,3862,3691,3511,3546,0,11791,12906,2947,2947,2947,2947,0,50,61,91,83,76
15002,19,0,1816,0,-32,-16,-57,12,10,-253,0,25,1050,1000,3705,3643,3616,3416,0,11382,13318,2845,2845,2845,2845,0,50,6,36,25,17
15012,19,0,1908,0,6,-1,-64,-21,269,-191,0,24,166,1000,3350,3250,3400,3282,0,10773,13114,2693,2693,2693,2693,0,50,-46,-3,-23,-44
15022,19,64,2006,0,67,-43,-14,10,375,57,0,41,-1086,1000,2728,2747,3268,2917,0,9992,12708,2498,2498,2498,2498,0,50,-54,-21,-51,-66
15032,19,64,2104,0,-42,-24,-10,0,-514,-36,0,-2,-586,1000,2900,3003,2791,2681,0,9192,11939,2298,2298,2298,2298,0,50,-80,-39,-49,-66
15042,19,64,2204,0,-120,74,-75,-27,-697,-324,0,22,97,1000,3289,2822,2364,2535,0,8391,10980,2097,2097,2097,2097,0,50,-78,-17,-13,-51
15052,19,64,2304,0,-32,1,-96,-9,117,-282,0,-14,-19,1000,2565,2615,2388,2448,0,7591,10036,1897,1897,1897,1897,0,50,-111,-60,-72,-98
15062,19,64,2404,0,-93,-44,-63,4,-342,54,0,-7,-296,1000,2385,2573,2097,1908,0,6791,9220,1697,1697,1697,1697,0,50,-126,-86,-85,-99
15072,19,64,2504,0,-122,-9,-53,-27,-322,161,0,24,-318,1000,2359,2238,1785,1586,0,5991,8278,1497,1497,1497,1497,0,50,-137,-88,-81,-103
15082,19,0,2605,0,-64,11,-82,-46,292,-23,0,32,-196,1000,2028,1806,1661,1538,0,5184,7241,1296,1296,1296,1296,0,50,-146,-91,-95,-125
15092,19,0,2705,0,-50,12,-87,2,118,-114,0,11,192,1000,1804,1677,1500,1479,0,4383,6280,1095,1095,1095,1095,0,50,-151,-96,-103,-134
15102,19,0,2804,0,-79,-38,-94,7,-155,-139,0,33,-888,1000,1563,1544,1335,984,0,3589,6280,897,897,897,897,0,50,-176,-130,-131,-151
15112,19,0,2905,0,-129,-92,-74,-43,-376,102,0,90,-1467,1000,1320,1250,1087,228,0,2787,5269,696,696,696,696,0,50,-180,-150,-139,-142
15122,19,0,3005,0,-196,-172,-65,-77,-510,306,0,140,-2318,1000,1009,1026,795,-660,0,1987,4335,496,496,496,496,0,50,-184,-176,-150,-129
15132,19,0,3105,0,-95,-26,-90,-73,456,115,0,118,-1664,1000,907,442,577,-116,0,1208,3449,302,302,302,302,0,50,-183,-140,-135,-151
15142,19,0,3205,0,-17,64,-95,-38,609,-68,0,103,-1041,1000,729,-31,402,191,0,601,2390,150,150,150,150,0,50,-157,-100,-107,-145
15152,19,0,3305,0,-18,22,-72,-15,212,-17,0,31,-298,1000,435,188,257,201,0,195,1399,48,48,48,48,0,50,-130,-96,-93,-120
15162,19,0,3405,0,-28,0,-48,-19,54,90,0,12,20,1000,247,179,104,36,0,0,545,0,0,0,0,0,50,-67,-54,-44,-55
15475,20,0,1520,0,3,2,0,2,39,-5,0,5,-83,1000,-57,-91,-47,-58,0,-288,-169,-72,-72,-72,-72,0,50,-57,-51,-45,-59
15485,20,0,1587,0,9,0,2,-1,41,-1,0,-1,-128,1000,-100,-87,-48,-41,0,-578,-148,-144,-144,-144,-144,0,50,-121,-110,-98,-127
15495,20,0,1673,0,9,-8,5,-4,20,3,0,3,-269,1000,-167,-144,-79,-131,0,-1069,-259,-267,-267,-267,-267,0,50,-186,-169,-152,-192
15505,20,0,1768,0,1,-13,2,-7,-28,-15,0,14,-354,1000,-258,-265,-189,-312,0,-1760,-681,-440,-440,-440,-440,0,50,-238,-214,-195,-242
15515,20,0,1866,0,-3,-9,0,-10,-39,-11,0,1,-424,1000,-479,-448,-456,-506,0,-2561,-1475,-640,-640,-640,-640,0,50,-252,-225,-206,-254
15525,20,0,1965,0,-8,-26,-3,-16,-34,-22,0,11,-266,1000,-692,-637,-618,-787,0,-3362,-2491,-840,-840,-840,-840,0,50,-254,-233,-213,-255
15535,20,0,2065,0,-12,-1,-15,-18,-23,-78,0,10,-206,1000,-892,-937,-945,-1003,0,-4163,-3573,-1040,-1040,-1040,-1040,0,50,-260,-233,-212,-259
15545,20,0,2165,0,-10,-34,-21,-18,7,-81,0,4,-625,1000,-1333,-1213,-1240,-1411,0,-4963,-4601,-1240,-1240,-1240,-1240,0,50,-258,-241,-221,-258
15555,20,0,2265,0,-8,-40,-11,-13,18,16,0,15,-882,1000,-1629,-1529,-1495,-1741,0,-5763,-5548,-1440,-1440,-1440,-1440,0,50,-261,-247,-227,-261
15566,20,0,2365,0,-20,-31,-5,-27,-79,35,0,3,-805,1000,-1835,-1727,-1804,-1965,0,-6564,-6554,-1641,-1641,-1641,-1641,0,50,-266,-251,-229,-263
15576,20,0,2465,0,-23,-39,-19,-39,-21,-58,0,3,-864,1000,-2103,-1961,-2054,-2246,0,-7364,-7535,-1841,-1841,-1841,-1841,0,50,-269,-257,-234,-264
15586,20,0,2565,0,1,-56,-17,-34,144,-41,0,44,-889,1000,-2359,-2323,-2093,-2539,0,-8165,-8475,-2041,-2041,-2041,-2041,0,51,-267,-262,-244,-268
15596,20,0,2666,0,-44,-61,-13,-47,-197,12,0,42,-1671,1000,-2659,-2607,-2606,-3082,0,-8972,-9337,-2243,-2243,-2243,-2243,0,51,-278,-274,-246,-266
15606,20,0,2766,0,-86,-127,-26,-64,-304,-5,0,-64,-1197,1000,-3006,-2200,-2926,-3207,0,-9772,-10255,-2443,-2443,-2443,-2443,0,51,-278,-293,-256,-255
15616,20,0,2866,0,-81,-89,-46,-61,-91,-82,0,-49,-1808,1000,-3068,-2493,-3118,-3304,0,-10567,-10255,-2641,-2641,-2641,-2641,0,51,-307,-309,-273,-284
15626,20,0,2966,0,-51,-60,-73,-97,142,-239,0,-33,-2142,1000,-3373,-2981,-3391,-3514,0,-11368,-11169,-2842,-2842,-2842,-2842,0,51,-312,-308,-277,-294
15636,20,64,1650,-17,-29,-145,-58,-85,113,-141,-485,-33,-3230,1000,-4055,-3289,-3593,-4071,-73,-11880,-11910,-3063,-2755,-2836,-3158,0,51,-70,-309,-252,-13
15646,20,64,1706,-1,1,-120,-40,-112,292,-64,133,-73,-2825,1000,-4246,-3391,-3748,-3925,-5,-11669,-12595,-2924,-2902,-2907,-2930,0,51,-50,-263,-219,1
15656,20,0,1788,0,-35,-7,-41,-56,-82,-143,0,-23,-1326,1000,-3605,-3480,-3762,-3698,0,-11259,-13225,-2814,-2814,-2814,-2814,0,51,-12,-52,-25,0
15666,20,64,1881,0,-38,11,-32,-44,-98,-45,0,18,-370,1000,-3243,-3393,-3480,-3534,0,-10645,-13272,-2661,-2661,-2661,-2661,0,51,20,-21,6,33
15676,20,64,1978,0,-50,11,-38,-30,-65,-53,0,27,354,1000,-2926,-3124,-3225,-3321,0,-9867,-12941,-2466,-2466,-2466,-2466,0,51,37,-7,21,50
15686,20,193,2062,0,158,257,-36,-13,1827,-29,0,-167,2819,1000,-2660,-2926,-3007,-1076,0,-9067,-12260,-2266,-2266,-2266,-2266,0,51,38,56,41,19
15696,20,64,2098,0,-102,-79,-53,-20,-3955,-137,0,99,-495,1000,-2659,-2813,-2804,-3641,0,-8266,-11492,-2066,-2066,-2066,-2066,0,51,30,-34,6,44
15706,20,193,2113,0,-315,-317,-56,-15,-2425,-30,0,281,-2610,1000,-2481,-2543,-2638,-5409,0,-7466,-10743,-1866,-1866,-1866,-1866,0,51,-16,-132,-48,-12
15716,20,193,1768,0,-182,-166,-58,-27,-258,-46,0,174,-1113,1000,-2270,-2431,-2430,-4012,0,-6664,-10177,-1666,-1666,-1666,-1666,0,51,-42,-116,-59,-51
15726,20,64,1481,0,-86,-48,-76,-27,437,-126,0,75,-750,1000,-2346,-2520,-2554,-3141,0,-5864,-9854,-1466,-1466,-1466,-1466,0,51,-24,-74,-37,-23
15736,20,64,1364,0,-95,-8,-75,-10,132,-1,0,34,-32,1000,-2093,-2255,-2534,-2764,0,-5064,-9621,-1266,-1266,-1266,-1266,0,51,-16,-55,-26,-11
15746,20,64,1316,0,-90,51,-67,-20,82,71,0,27,201,1000,-1869,-2249,-2538,-2482,0,-4263,-9294,-1065,-1065,-1065,-1065,0,51,-7,-40,-12,-3
15756,20,64,1297,0,-100,24,-81,-14,20,-30,0,10,2,1000,-1894,-2084,-2507,-2490,0,-3462,-8957,-865,-865,-865,-865,0,51,-7,-40,-17,-3
15766,20,64,1289,0,-67,9,-95,7,225,-96,0,19,-176,1000,-1926,-2081,-2303,-2374,0,-2662,-8499,-665,-665,-665,-665,0,51,-1,-37,-13,0
15776,20,64,1286,0,-55,-17,-86,3,138,-33,0,-11,-331,1000,-2014,-1909,-2226,-2270,0,-1861,-8103,-465,-465,-465,-465,0,51,0,-33,-15,3
15786,20,64,1285,0,-52,8,-65,-17,80,75,0,-10,-106,1000,-1819,-1827,-2127,-2062,0,-1099,-7723,-274,-274,-274,-274,0,51,6,-24,-7,9
15796,20,64,1284,0,-60,-16,-54,-14,0,71,0,6,-313,1000,-1759,-1743,-1998,-2120,0,-523,-7321,-130,-130,-130,-130,0,51,7,-26,-6,8
15806,20,64,1284,0,-68,-11,-74,3,34,-55,0,13,-446,1000,-1644,-1683,-1942,-2076,0,-147,-6909,-36,-36,-36,-36,0,51,10,-24,-4,9
15816,20,64,1284,0,-62,-9,-66,-1,36,17,0,8,-572,1000,-1595,-1616,-1869,-1970,0,0,-6486,0,0,0,0,0,51,12,-21,-1,12
15826,20,64,1284,0,-65,-4,-55,-5,-8,69,0,-1,-503,1000,-1479,-1475,-1795,-1831,0,0,-6082,0,0,0,0,0,51,15,-17,2,17
15836,20,64,1284,0,-52,-10,-63,-1,69,-22,0,-3,-422,1000,-1413,-1367,-1635,-1684,0,0,-5687,0,0,0,0,0,51,19,-13,6,21
15846,20,64,1284,0,-44,-3,-70,2,82,-85,0,-6,-172,1000,-1364,-1335,-1579,-1579,0,0,-5687,0,0,0,0,0,51,22,-9,9,25
15856,20,64,1284,0,-54,-9,-46,-2,-17,95,0,-15,0,1000,-1225,-1138,-1471,-1461,0,0,-5304,0,0,0,0,0,51,24,-6,12,28
15866,20,64,1284,0,-68,0,-43,0,-70,97,0,-5,-71,1000,-1061,-1059,-1411,-1410,0,0,-4869,0,0,0,0,0,51,25,-6,16,30
15876,20,64,1284,0,-36,-2,-55,-2,161,-37,0,-6,-70,1000,-1052,-1025,-1227,-1223,0,0,-4458,0,0,0,0,0,51,32,0,21,36
15886,20,64,1284,0,-37,7,-55,0,53,-52,0,-8,-115,1000,-949,-958,-1175,-1117,0,0,-4077,0,0,0,0,0,51,35,5,26,40
15897,20,64,1284,0,-33,15,-41,2,33,42,0,-17,100,1000,-817,-817,-1059,-925,0,0,-3706,0,0,0,0,0,51,41,13,32,46
15907,20,64,1284,0,-35,4,-32,8,10,67,0,-2,-32,1000,-730,-752,-930,-910,0,0,-3287,0,0,0,0,0,51,43,13,33,46
15917,20,64,1284,0,-47,10,-35,13,-70,22,0,0,-22,1000,-572,-631,-857,-829,0,0,-2857,0,0,0,0,0,51,44,16,37,49
15927,20,64,1284,0,-28,5,-33,12,92,37,0,-2,-173,1000,-566,-590,-737,-714,0,0,-2428,0,0,0,0,0,51,49,21,40,53
15937,20,64,1284,0,-30,4,-24,13,7,63,0,-11,-44,1000,-450,-427,-632,-570,0,0,-2032,0,0,0,0,0,51,51,27,43,57
15947,20,64,1284,0,-28,9,-21,13,4,53,0,8,-41,1000,-308,-399,-491,-502,0,0,-1651,0,0,0,0,0,51,55,31,48,60
15957,20,64,1284,0,-25,4,-20,13,36,48,0,-7,3,1000,-239,-234,-392,-348,0,0,-1215,0,0,0,0,0,51,58,37,50,65
15967,20,64,1284,0,-23,-1,-15,8,22,57,0,-24,-50,1000,-202,-90,-319,-224,0,0,-787,0,0,0,0,0,51,61,48,51,69
15977,20,0,1284,0,-26,6,-12,5,-24,56,0,-17,-70,1000,-66,-26,-237,-139,0,0,-394,0,0,0,0,0,51,65,49,57,74
17120,21,64,1505,26,8,-7,6,-10,32,16,16,-1,35,1000,-380,-338,-306,-326,-5,-1360,-1392,-423,-388,-263,-278,0,51,-185,-174,85,90
17130,21,64,1556,103,15,14,6,-9,87,5,82,10,-100,1000,-340,-444,-317,-300,-5,-1149,-1289,-581,-518,-30,-15,0,51,-164,-153,95,101
17140,21,64,1637,183,18,43,19,5,20,75,-54,27,235,1000,-175,-481,-254,-192,-5,-739,-1299,-696,-604,260,305,0,51,-130,-126,111,116
17150,21,64,1729,263,41,46,45,24,185,204,-19,8,467,1000,-222,-446,-210,-34,-5,-129,-1338,-762,-641,601,677,0,51,-112,-105,131,173
17160,21,64,1826,343,84,29,74,25,320,243,77,-16,246,1000,-448,-466,-150,84,-5,467,-1200,-831,-680,938,1045,0,51,-119,-111,151,217
17170,21,64,1925,423,92,22,92,26,180,197,-17,-20,3,1000,-485,-452,-120,107,-5,874,-935,-947,-768,1229,1365,0,51,-133,-124,165,234
17180,21,64,2024,503,117,20,108,35,231,168,62,-6,-109,1000,-473,-483,37,197,-4,1041,-595,-1124,-915,1458,1625,0,51,-183,-167,206,271
17190,21,64,2124,583,155,29,135,33,332,209,123,-25,-44,1000,-506,-456,152,452,-4,923,-287,-1371,-1133,1617,1815,0,53,-238,-210,237,290
17201,21,64,2225,664,217,38,175,33,480,251,229,-27,234,1000,-530,-485,404,776,-4,795,-34,-1623,-1355,1775,2003,0,53,-245,-215,262,310
17211,21,64,2325,744,273,44,217,40,522,254,267,-39,194,1000,-651,-555,541,1013,-4,683,192,-1869,-1573,1935,2194,0,55,-300,-259,279,328
17221,21,196,2393,823,359,46,252,35,717,235,481,-95,623,1000,-892,-515,706,1475,-4,547,192,-2120,-1794,2088,2378,0,56,-304,-259,290,345
17231,21,197,2422,903,518,179,292,27,1267,332,936,-194,1785,1000,-949,-627,854,2709,-4,435,362,-2366,-2011,2248,2569,0,56,-324,-242,298,330
17241,21,197,2433,983,667,295,344,21,1304,443,863,-286,2739,1000,-1095,-789,942,3773,-3,407,353,-2592,-2207,2430,2780,0,56,-327,-216,309,325
17251,21,193,1526,640,791,427,378,-1,1251,378,-1338,-385,4240,1000,-1067,-821,1001,4899,296,442,150,-1072,-2097,922,2426,0,56,-13,76,67,58
17261,21,197,1596,568,569,326,407,-19,-990,323,1249,-327,3360,1000,-801,-471,593,3709,262,587,-41,-902,-1810,867,2200,0,56,2,98,58,18
17271,21,197,1683,495,376,119,400,-22,-1489,77,1968,-152,1196,1000,-783,-450,569,1925,228,520,171,-784,-1577,758,1920,0,56,5,91,12,-63
17281,21,196,1779,422,304,11,359,-12,-996,-227,1208,-66,410,1000,-722,-353,752,1221,195,344,498,-694,-1370,622,1613,0,56,6,83,-12,-95
17291,21,196,1877,350,269,-43,329,-17,-629,-260,667,-30,92,1000,-708,-279,838,895,161,189,615,-599,-1159,491,1312,0,56,21,99,-21,-116
17301,21,64,1939,277,258,-56,305,-25,-308,-208,250,-27,-102,1000,-749,-282,799,783,128,129,602,-480,-923,383,1034,0,56,29,109,-21,-120
17311,21,64,1964,204,231,-59,269,-32,-294,-221,151,-13,103,1000,-623,-221,805,697,94,133,501,-344,-672,293,773,0,56,46,133,-13,-123
17321,21,64,1974,132,198,-73,237,-49,-296,-203,134,-2,126,1000,-562,-161,762,533,61,159,381,-204,-415,207,517,0,56,53,147,-13,-128
17331,21,64,1505,59,165,-67,200,-62,-303,-235,46,-24,100,1000,-531,-66,592,479,27,176,313,-65,-160,119,259,0,56,27,97,1,-50
17341,21,0,1315,0,165,-57,160,-62,-99,-307,-208,-9,87,1000,-488,-140,597,456,0,159,287,39,39,39,39,0,56,53,33,-5,13
17351,21,0,1238,0,147,-53,140,-62,-157,-246,0,-7,114,1000,-413,-91,566,427,0,119,325,29,29,29,29,0,56,31,14,-20,-5
17361,21,0,1206,0,129,-41,131,-54,-189,-163,0,0,85,1000,-311,-85,522,395,0,70,398,17,17,17,17,0,56,15,3,-27,-18
17371,21,0,1194,0,103,-39,112,-46,-230,-165,0,5,91,1000,-212,-32,481,329,0,1,439,0,0,0,0,0,56,11,0,-25,-17
17381,21,0,1188,0,102,-35,96,-42,-106,-158,0,-11,-56,1000,-283,-37,386,326,0,-28,417,-7,-7,-7,-7,0,56,24,9,-15,-5
17391,21,0,1186,0,82,-33,88,-37,-166,-114,0,-10,-22,1000,-233,-11,323,263,0,-37,335,-9,-9,-9,-9,0,56,30,14,-5,5
17401,21,0,1185,0,77,-37,76,-31,-92,-111,0,1,80,1000,-192,-9,361,223,0,-23,269,-5,-5,-5,-5,0,56,25,9,-11,1
17411,21,0,1185,0,59,-24,62,-28,-150,-123,0,-3,65,1000,-139,4,266,200,0,-29,244,-7,-7,-7,-7,0,56,15,4,-12,-4
17724,22,64,1520,-42,-3,2,2,-3,-48,7,56,-10,-18,1000,-9,24,-45,12,-2,-15,1,107,101,-97,-123,0,56,149,137,-134,-153
17734,22,64,1587,-122,-47,9,-1,0,-287,28,315,11,80,1000,195,81,-87,-116,-2,-14,0,325,289,-286,-341,0,56,206,173,-159,-201
17744,22,64,1673,-202,-71,-1,-40,0,-244,-149,94,-6,-33,1000,163,171,-195,-196,-2,0,-25,548,481,-471,-556,0,56,221,203,-188,-229
17754,22,64,1768,-282,-124,39,-93,2,-425,-324,101,-47,-196,1000,250,254,-565,-225,-2,19,-54,771,675,-655,-770,0,56,235,225,-199,-246
17764,22,64,1866,-362,-160,10,-139,15,-392,-359,33,-53,-105,1000,307,448,-573,-344,-2,20,-48,990,863,-844,-988,0,56,255,237,-216,-259
17774,22,64,1965,-442,-184,12,-183,12,-297,-389,-91,-41,-226,1000,368,437,-637,-460,-1,26,-53,1210,1053,-1031,-1205,0,56,267,247,-226,-272
17784,22,64,2065,-522,-218,-22,-220,0,-326,-376,-50,-31,-35,1000,452,614,-569,-604,-1,52,-91,1435,1248,-1213,-1417,0,56,279,251,-233,-272
17794,22,64,2165,-602,-289,-26,-257,-7,-555,-339,215,-33,97,1000,652,813,-718,-783,-1,96,-155,1665,1448,-1391,-1624,0,56,296,265,-242,-281
17804,22,64,2265,-682,-337,-13,-290,-13,-516,-257,259,-18,-46,1000,798,812,-867,-967,-1,126,-188,1891,1644,-1572,-1835,0,56,311,279,-252,-296
17814,22,196,2360,-762,-421,26,-340,-5,-758,-318,439,-58,-144,1000,992,992,-1286,-1061,-1,145,-195,2114,1837,-1756,-2049,0,56,324,301,-266,-317
17824,22,196,2408,-842,-531,-25,-385,7,-931,-379,551,-144,57,1000,1056,1634,-1585,-1225,-1,164,-201,2338,2030,-1940,-2262,0,56,326,298,-272,-305
17834,22,192,2427,-922,-517,-131,-429,0,-279,-421,-142,-117,631,1000,996,1907,-1112,-1325,-1,209,-281,2568,2230,-2118,-2469,0,56,324,278,-249,-256
17844,22,192,1504,-568,-607,-157,-468,1,-656,-393,-376,-143,1193,1000,1270,2376,-1195,-1436,-124,-306,-318,1238,1555,-1123,-1866,0,56,14,-19,7,53
17854,22,193,1551,-499,-659,-186,-507,20,-427,-401,-136,-196,1995,1000,1425,2880,-1198,-1339,-109,-135,-394,1122,1401,-955,-1607,0,56,36,23,6,66
17864,22,196,1630,-421,-486,-86,-529,22,814,-250,1142,-100,1141,1000,1167,1819,-971,-1060,-92,185,-262,1021,1257,-730,-1281,0,56,22,3,35,85
17875,22,196,1721,-343,-418,3,-491,12,678,159,677,-39,565,1000,1198,1208,-959,-916,-75,286,-31,866,1058,-561,-1009,0,56,-47,-68,50,100
17885,22,64,1818,-265,-360,34,-429,8,613,350,374,-37,238,1000,1075,964,-920,-735,-57,163,176,654,802,-448,-794,0,56,-85,-107,55,112
17895,22,64,1909,-187,-331,49,-402,14,386,216,232,16,-40,1000,1085,677,-805,-794,-40,50,246,445,550,-332,-576,0,56,-92,-119,64,120
17905,22,64,1952,-108,-256,33,-355,42,660,244,379,-12,-221,1000,735,553,-719,-616,-23,34,204,260,321,-192,-334,0,56,-67,-98,65,126
17915,22,64,1970,-30,-179,37,-275,47,706,385,306,-82,-20,1000,417,569,-682,-211,-6,30,145,79,96,-49,-89,0,56,-81,-106,70,139
17925,22,0,1736,0,-134,100,-205,49,548,419,0,-93,608,1000,533,485,-608,197,0,48,89,12,12,12,12,0,56,-19,9,37,14
17935,22,0,1408,0,-135,112,-148,68,138,405,0,-72,720,1000,629,431,-560,199,0,64,78,16,16,16,16,0,56,-24,9,38,10
17945,22,0,1276,0,-204,55,-135,76,-295,317,0,-5,288,1000,764,475,-514,-330,0,59,155,14,14,14,14,0,56,-36,-14,30,17
17955,22,0,1223,0,-194,48,-154,63,-56,116,0,12,44,1000,701,361,-491,-414,0,9,155,2,2,2,2,0,56,-39,-18,25,12
17965,22,0,1201,0,-173,39,-153,62,115,106,0,0,-60,1000,576,339,-475,-372,0,-6,162,-1,-1,-1,-1,0,56,-34,-16,24,13
17975,22,0,1192,0,-157,33,-139,44,141,162,0,11,29,1000,560,307,-376,-348,0,-8,143,-2,-2,-2,-2,0,56,-32,-16,22,12
17985,22,0,1188,0,-143,41,-128,43,137,153,0,-3,17,1000,498,281,-408,-271,0,-6,118,-1,-1,-1,-1,0,56,-32,-13,23,10
17995,22,0,1187,0,-118,42,-116,43,195,142,0,2,-79,1000,421,186,-358,-234,0,-23,132,-5,-5,-5,-5,0,56,-31,-13,20,6
18005,22,0,1186,0,-120,38,-100,40,64,179,0,6,2,1000,442,201,-331,-242,0,-16,101,-4,-4,-4,-4,0,56,-31,-13,21,8
18015,22,0,1186,0,-103,39,-89,42,138,168,0,9,60,1000,410,158,-280,-195,0,-5,67,-1,-1,-1,-1,0,56,-28,-10,21,7
18025,22,0,1186,0,-86,43,-84,44,142,103,0,10,0,1000,358,91,-265,-158,0,-8,64,-2,-2,-2,-2,0,56,-27,-8,20,5
18035,22,0,1186,0,-77,35,-75,44,95,95,0,-1,-17,1000,285,112,-264,-131,0,-7,51,-1,-1,-1,-1,0,56,-25,-8,19,5
18045,22,0,1186,0,-57,37,-62,40,148,114,0,-4,-16,1000,222,58,-234,-76,0,7,18,1,1,1,1,0,56,-22,-4,19,4
18055,22,0,1186,0,-60,46,-52,39,28,102,0,3,30,1000,272,33,-233,-75,0,12,6,3,3,3,3,0,56,-23,-2,21,4
18518,23,64,1501,48,47,-24,49,-28,-33,-14,25,2,0,1000,-177,-64,169,72,-21,-8,-22,-177,-66,164,89,0,56,100,-144,-94,172
18528,23,64,1543,47,51,-6,46,-25,10,-34,149,3,105,1000,-112,-83,181,155,48,34,29,-29,-218,6,231,0,56,126,-181,-124,193
18538,23,64,1620,46,46,52,47,-4,-45,-15,307,12,118,1000,48,-213,69,252,128,1,83,118,-411,-192,372,0,56,168,-210,-156,205
18549,23,64,1711,45,43,70,48,40,-36,7,32,17,-13,1000,91,-274,17,253,208,-44,162,264,-608,-396,510,0,56,182,-225,-177,205
18559,23,64,1807,43,41,82,45,79,-34,-13,-114,8,-62,1000,103,-270,-36,292,288,-90,225,409,-805,-599,648,0,56,190,-239,-198,213
18569,23,64,1906,42,40,84,39,101,-22,-36,-181,0,-22,1000,107,-237,-48,326,368,-125,246,558,-1001,-800,790,0,56,207,-249,-210,230
18579,23,64,2005,41,25,104,36,114,-102,-24,-34,-6,20,1000,175,-229,-142,343,448,-131,220,712,-1187,-992,937,0,56,235,-269,-240,249
18589,23,64,2105,39,29,145,32,132,-4,-17,126,4,117,1000,274,-355,-194,417,528,-114,154,872,-1368,-1180,1091,0,56,264,-284,-260,273
18599,23,64,2205,38,30,198,30,159,-8,-28,274,9,227,1000,408,-469,-281,537,608,-120,144,1027,-1555,-1373,1239,0,56,269,-297,-274,276
18609,23,64,2305,37,28,235,30,195,-16,-7,185,6,93,1000,448,-578,-408,577,688,-137,155,1180,-1745,-1569,1384,0,56,278,-311,-289,286
18619,23,64,2393,36,-5,295,30,239,-230,26,259,46,420,1000,809,-672,-466,578,768,-133,92,1337,-1930,-1760,1534,0,56,296,-322,-292,305
18629,23,64,2433,34,0,313,21,270,-24,20,135,51,335,1000,814,-760,-510,591,848,-114,78,1498,-2110,-1946,1688,0,56,293,-325,-295,300
18639,23,64,2450,33,5,397,20,301,-26,13,393,77,296,1000,1009,-1042,-633,705,928,-127,96,1652,-2299,-2141,1834,0,56,291,-333,-302,295
18649,23,64,1523,-1,-9,431,18,370,-94,31,-77,106,508,1000,1217,-1117,-635,710,419,67,49,824,-968,-977,814,0,56,-67,29,57,-67
18659,23,196,1580,-1,19,273,13,380,177,12,1075,31,17,1000,553,-750,-504,524,342,-96,48,634,-827,-834,626,0,56,-96,54,74,-96
18669,23,196,1662,-1,35,164,14,378,165,12,904,25,-242,1000,207,-599,-305,295,262,-120,-12,474,-645,-650,467,0,56,-111,94,111,-113
18679,23,192,1755,0,45,169,15,336,119,12,115,10,-261,1000,128,-629,-362,329,182,-88,-121,328,-449,-453,323,0,56,-128,109,124,-122
18689,23,192,1852,0,40,157,24,308,6,60,-41,17,-276,1000,129,-608,-332,273,102,-26,-121,191,-247,-249,188,0,56,-140,119,136,-134
18699,23,192,1951,0,48,121,17,278,57,-15,16,16,-157,1000,51,-525,-216,245,22,16,-180,48,-49,-49,47,0,56,-154,134,143,-138
18709,23,128,2050,0,48,90,1,240,52,-93,0,16,-99,1000,-14,-460,-150,177,0,82,-268,20,20,20,20,0,56,2,26,14,-9
18719,23,128,2150,0,42,106,0,200,-10,-44,0,-4,-60,1000,-26,-442,-266,225,0,149,-355,37,37,37,37,0,56,19,45,33,10
18729,23,0,2250,0,30,111,12,163,-62,23,0,-17,0,1000,6,-380,-321,248,0,177,-346,44,44,44,44,0,56,7,38,27,1
18739,23,0,2350,0,24,84,8,145,-60,-52,0,-5,-52,1000,11,-316,-225,168,0,140,-234,35,35,35,35,0,56,9,33,24,3
18749,23,0,2450,0,24,65,2,107,-39,-94,0,-6,-96,1000,-9,-248,-165,154,0,97,-113,24,24,24,24,0,56,-13,9,1,-19
18759,23,0,2550,0,19,51,7,81,-45,-30,0,0,-63,1000,19,-191,-104,126,0,61,-41,15,15,15,15,0,56,-1,15,9,-7
19072,24,64,1526,-1,-5,-8,0,-1,-38,1,65,1,17,1000,6,36,14,-31,-54,6,0,-98,133,126,-106,0,56,-156,168,158,-163
19082,24,64,1595,-1,-7,-57,-2,-15,-41,-13,284,9,-91,1000,-93,106,116,-175,-134,8,-4,-250,322,315,-259,0,56,-193,199,188,-208
19092,24,64,1683,-1,-1,-91,-5,-51,15,-23,161,29,-188,1000,-170,81,221,-305,-214,35,-66,-397,517,510,-405,0,56,-198,202,205,-209
19102,24,64,1778,-1,-7,-116,-5,-91,-28,-5,22,37,-218,1000,-221,98,251,-421,-294,64,-177,-542,713,706,-550,0,56,-210,217,219,-216
19112,24,64,1876,-1,0,-97,-1,-113,27,15,-224,25,-24,1000,-212,88,216,-315,-374,151,-285,-674,924,917,-682,0,56,-204,224,227,-211
19122,24,64,1975,-1,-5,-104,-2,-125,-17,0,-128,12,39,1000,-234,154,189,-317,-454,212,-342,-812,1127,1121,-819,0,56,-221,253,243,-225
19132,24,64,2075,-1,-10,-134,-8,-139,-44,-37,21,4,5,1000,-307,246,216,-381,-534,262,-350,-953,1328,1322,-960,0,56,-241,276,259,-244
19142,24,64,2175,-1,-8,-174,-11,-163,-22,-40,102,19,-44,1000,-365,287,342,-492,-614,284,-337,-1100,1522,1516,-1107,0,56,-251,289,273,-255
19152,24,64,2275,-1,-27,-208,-12,-191,-127,-11,112,29,-200,1000,-390,354,366,-664,-694,307,-318,-1247,1717,1711,-1254,0,56,-260,297,284,-262
19162,24,64,2375,-1,-12,-236,-13,-217,64,3,104,30,2,1000,-444,419,516,-642,-775,326,-363,-1397,1911,1906,-1403,0,56,-264,313,299,-269
19172,24,64,2476,-1,7,-303,-9,-249,128,-4,312,30,123,1000,-598,562,747,-685,-855,379,-367,-1537,2113,2108,-1543,0,56,-268,329,313,-275
19182,24,64,2575,-1,-37,-349,-6,-285,-268,11,297,41,-371,1000,-662,625,652,-1042,-934,409,-367,-1681,2308,2303,-1687,0,56,-279,334,324,-281
19192,24,196,2644,-1,-49,-461,-2,-315,-138,35,644,105,-565,1000,-737,725,1016,-1458,-1014,399,-298,-1837,2494,2489,-1843,0,56,-292,339,337,-296
19203,24,192,2672,-1,-36,-463,-8,-345,34,-24,77,76,-495,1000,-810,801,1009,-1334,-1094,395,-251,-1991,2682,2677,-1997,0,56,-295,343,337,-299
19213,24,192,2683,0,-19,-480,-7,-369,72,-6,19,26,110,1000,-847,1077,1116,-1064,-1175,420,-257,-2139,2877,2872,-2144,0,56,-298,354,340,-300
19223,24,192,1696,-22,-67,-570,18,-385,-277,152,-492,90,-1016,1000,-1013,978,1108,-1767,-457,-115,-186,-842,1101,997,-964,0,56,64,-41,-39,65
19233,24,196,1763,-18,-104,-401,26,-427,-232,104,1263,145,-1114,1000,-446,560,785,-1637,-377,139,17,-636,968,881,-737,0,56,77,-43,-29,79
19243,24,196,1849,-14,-28,-275,19,-388,326,-2,913,56,-175,1000,-360,543,687,-757,-297,281,44,-459,805,737,-538,0,56,111,-90,-91,117
19253,24,192,1944,-10,0,-228,7,-336,297,-71,374,17,201,1000,-307,589,677,-381,-217,218,172,-332,592,542,-390,0,56,131,-132,-137,140
19263,24,196,2042,-6,29,-162,14,-313,277,34,439,11,340,1000,-195,452,649,-85,-137,125,335,-213,371,339,-250,0,56,134,-146,-155,153
19273,24,192,2115,-2,10,-127,32,-273,-8,130,71,21,254,1000,-62,384,544,-96,-57,38,402,-92,152,139,-108,0,56,164,-150,-155,168
19283,24,128,2145,0,1,-101,24,-218,-62,-19,0,16,41,1000,-33,322,412,-96,0,-25,473,-6,-6,-6,-6,0,56,-5,-29,-29,-5
19293,24,0,2158,0,6,-93,1,-166,7,-134,0,-1,118,1000,-29,377,402,11,0,-104,558,-26,-26,-26,-26,0,56,-18,-40,-39,-20
19303,24,0,1725,0,15,-107,3,-133,48,-43,0,-3,-22,1000,-119,359,416,-19,0,-164,562,-41,-41,-41,-41,0,56,-12,-40,-40,-17
19313,24,0,1481,0,8,-82,13,-119,-15,37,0,0,76,1000,-59,296,337,-9,0,-178,413,-44,-44,-44,-44,0,56,5,-21,-19,1
19323,24,0,1382,0,-1,-68,6,-102,-68,-22,0,0,43,1000,-53,234,232,-64,0,-102,244,-25,-25,-25,-25,0,56,22,-2,0,22
19786,25,64,1502,17,2,-7,2,0,-16,-7,-39,-1,-4,1000,-21,18,25,0,5,1,20,-36,-52,28,56,0,56,-5,-146,-16,148
19796,25,64,1550,69,3,13,0,-2,2,-13,107,-1,-1,1000,18,-31,-24,41,57,0,17,-79,-299,27,299,0,56,2,-163,-17,174
19806,25,64,1628,125,19,26,9,11,87,36,79,-9,56,1000,-7,-66,-19,143,114,-1,16,-124,-566,26,561,0,56,-4,-188,-19,213
19816,25,64,1720,182,34,29,28,28,119,117,-21,-5,44,1000,-21,-107,24,190,171,-26,66,-177,-840,19,819,0,56,-13,-214,-20,232
19826,25,64,1816,238,44,37,48,43,113,166,-89,-12,11,1000,-37,-125,22,258,227,-52,140,-228,-1112,12,1074,0,56,-21,-229,-24,241
19836,25,64,1915,295,60,60,65,56,151,181,3,-12,-52,1000,-35,-214,7,347,284,-100,210,-286,-1391,0,1324,0,56,-25,-262,-30,254
19846,25,64,2015,351,77,75,83,71,171,191,3,-4,-73,1000,-26,-297,42,414,341,-151,272,-344,-1671,-14,1574,0,56,-25,-275,-29,261
19857,25,64,2114,407,106,96,107,92,231,223,-1,6,-61,1000,-36,-435,97,521,398,-202,294,-403,-1950,-27,1824,0,56,-27,-290,-25,272
19867,25,64,2214,464,133,121,133,116,256,238,28,-5,68,1000,-64,-504,97,692,454,-218,259,-452,-2221,-32,2083,0,56,-28,-302,-23,296
19877,25,64,2314,520,153,138,149,139,242,191,16,-12,54,1000,-107,-587,78,785,511,-224,237,-499,-2489,-34,2343,0,56,-38,-315,-29,306
19887,25,64,2414,577,159,135,166,150,138,185,-115,17,-211,1000,-145,-743,95,652,568,-229,189,-546,-2757,-36,2605,0,56,-43,-330,-28,317
19897,25,64,2515,634,209,158,195,169,368,244,62,-4,-224,1000,-301,-880,87,859,625,-227,131,-592,-3025,-37,2870,0,56,-54,-345,-34,330
19907,25,64,2615,690,248,201,235,186,385,313,149,-13,-200,1000,-369,-1074,28,1044,682,-206,7,-632,-3287,-32,3138,0,56,-52,-362,-41,354
19917,25,64,2715,746,276,237,271,222,317,322,70,2,-261,1000,-358,-1279,34,1139,738,-148,7,-663,-3537,-18,3413,0,56,-53,-379,-40,368
19927,25,64,2815,802,300,301,292,244,229,232,243,-2,95,1000,-259,-1425,-19,1392,795,-68,-138,-688,-3784,0,3696,0,56,-47,-382,-35,390
19937,25,64,2915,859,311,351,302,278,157,140,260,25,326,1000,-106,-1611,-18,1481,852,22,-269,-711,-4028,22,3981,0,56,-31,-393,-28,403
19947,25,64,2990,915,360,326,336,324,381,250,-73,-11,193,1000,-429,-1635,6,1589,909,94,-372,-739,-4277,39,4262,0,56,-36,-382,-25,408
19957,25,64,3020,972,415,379,383,343,519,346,246,-18,87,1000,-533,-1912,-45,1817,965,162,-424,-767,-4527,55,4541,0,56,-39,-392,-33,415
19967,25,196,3033,1028,489,451,420,360,565,339,404,-65,484,1000,-608,-2052,-68,2347,1022,218,-463,-799,-4780,69,4818,0,56,-39,-396,-34,431
19977,25,64,1937,459,500,447,445,419,331,201,-26,-27,73,1000,-670,-2268,-42,2180,413,-419,-474,-569,-2161,4,1939,0,56,-59,65,17,-73
19987,25,196,2000,399,456,366,477,435,-211,234,791,-49,46,1000,-746,-1910,-3,1962,359,-169,-416,-446,-1831,52,1736,0,56,-35,88,34,-57
19997,25,196,2085,340,382,282,480,420,-427,105,751,0,-507,1000,-739,-1798,3,1354,306,161,-419,-303,-1483,121,1555,0,56,-28,102,41,-73
20007,25,192,2179,280,367,266,448,397,-274,-156,202,-8,-135,1000,-667,-1627,63,1379,252,345,-478,-197,-1171,152,1336,0,56,-30,118,47,-95
20017,25,192,2277,221,369,261,414,374,-108,-243,-146,4,4,1000,-614,-1612,153,1386,199,396,-460,-124,-891,151,1084,0,56,-26,129,53,-116
20027,25,192,2376,161,337,225,402,356,-233,-142,125,4,-134,1000,-612,-1469,145,1214,145,395,-388,-64,-625,137,819,0,56,-26,144,44,-148
20037,25,192,2475,102,299,208,388,334,-328,-156,129,-2,-148,1000,-547,-1314,85,1103,92,398,-337,-3,-358,123,554,0,56,-17,159,41,-157
20047,25,192,2575,42,264,167,355,303,-351,-253,129,11,-65,1000,-483,-1150,153,912,38,433,-355,65,-83,118,299,0,56,-5,175,49,-155
20057,25,0,2675,0,272,165,316,262,-95,-268,0,6,-132,1000,-537,-1170,144,922,0,466,-359,116,116,116,116,0,56,58,99,30,-6
20067,25,0,2775,0,249,182,282,221,-180,-242,0,0,-5,1000,-408,-1096,82,954,0,478,-301,119,119,119,119,0,56,46,95,29,-14
20077,25,0,2876,0,227,184,256,201,-230,-194,0,7,-72,1000,-307,-1041,65,901,0,482,-144,120,120,120,120,0,56,49,99,36,-8
20087,25,0,2976,0,202,152,238,189,-234,-126,0,-3,-22,1000,-263,-822,116,859,0,385,48,96,96,96,96,0,56,7,57,0,-46
20097,25,0,3076,0,182,150,213,164,-237,-152,0,-9,-76,1000,-201,-733,83,834,0,307,194,76,76,76,76,0,56,19,66,13,-31
20107,25,0,3176,0,173,147,178,145,-136,-234,0,-6,-10,1000,-155,-687,97,821,0,213,217,53,53,53,53,0,56,4,52,2,-46
20117,25,0,3277,0,166,135,158,134,-93,-219,0,0,-43,1000,-144,-660,126,766,0,190,250,47,47,47,47,0,56,11,56,7,-39
20127,25,0,3377,0,149,121,153,125,-132,-119,0,-4,29,1000,-109,-551,135,727,0,154,280,38,38,38,38,0,56,7,49,4,-40
20137,25,0,3477,0,120,119,137,116,-232,-131,0,1,-35,1000,-32,-506,71,619,0,116,293,29,29,29,29,0,56,0,43,3,-41
20147,25,0,3549,0,112,110,115,107,-145,-171,0,8,-35,1000,-12,-481,90,562,0,87,293,21,21,21,21,0,56,1,42,4,-39
20157,25,0,3579,0,109,89,103,91,-77,-144,0,1,-88,1000,-79,-429,96,513,0,78,268,19,19,19,19,0,56,0,36,-1,-41
20167,25,0,3592,0,96,81,93,81,-93,-125,0,-9,-64,1000,-85,-354,56,483,0,75,236,18,18,18,18,0,56,0,34,0,-39
20177,25,0,3597,0,70,76,80,72,-197,-120,0,4,6,1000,16,-303,53,384,0,70,211,17,17,17,17,0,56,0,35,4,-32
20188,25,0,3599,0,64,66,68,64,-105,-104,0,6,-13,1000,11,-280,58,335,0,62,197,15,15,15,15,0,56,0,32,3,-31
20198,25,0,3599,0,60,51,59,54,-71,-97,0,-2,-26,1000,-32,-220,53,309,0,53,183,13,13,13,13,0,56,1,30,1,-30
20208,25,0,3600,0,59,36,51,44,-41,-100,0,-10,-30,1000,-79,-166,66,289,0,46,171,11,11,11,11,0,56,2,27,-1,-29
20218,25,0,3600,0,32,41,41,35,-167,-95,0,0,49,1000,41,-122,26,222,0,41,155,10,10,10,10,0,56,-1,25,2,-27
20531,26,0,1500,-22,0,-1,0,0,5,1,0,-4,33,1000,-3,22,6,18,27,17,9,118,-8,-114,-3,0,56,39,117,-7,-114
20541,26,64,1537,-67,-11,-2,-1,0,-58,9,64,1,51,1000,45,45,-3,-25,-18,20,7,154,209,-111,-216,0,56,16,162,7,-167
20551,26,64,1612,-123,-18,-29,-13,-10,-14,-44,74,0,-118,1000,-36,87,-7,-135,-75,23,1,198,476,-107,-477,0,56,6,190,6,-209
20561,26,64,1701,-179,-27,-22,-31,-22,-51,-128,-78,-1,-106,1000,-14,81,-57,-155,-133,43,-58,247,748,-99,-734,0,56,14,204,8,-218
20571,26,64,1797,-235,-40,-35,-48,-32,-97,-157,-33,17,35,1000,52,105,0,-247,-190,77,-155,298,1023,-87,-988,0,56,29,221,21,-235
20581,26,64,1896,-291,-62,-39,-60,-44,-179,-141,-20,12,-26,1000,48,138,-97,-346,-247,131,-265,355,1304,-70,-1236,0,56,29,241,13,-245
20591,26,64,1995,-347,-73,-55,-73,-54,-167,-143,20,8,-24,1000,22,195,-114,-416,-304,221,-337,421,1593,-44,-1476,0,56,30,268,17,-249
20601,26,64,2095,-403,-98,-72,-91,-64,-212,-164,79,4,19,1000,52,304,-135,-504,-362,267,-368,476,1871,-30,-1727,0,56,35,283,17,-264
20611,26,64,2195,-459,-115,-87,-113,-82,-181,-187,1,14,18,1000,90,355,-119,-602,-419,315,-373,531,2150,-15,-1977,0,56,42,294,21,-277
20621,26,64,2295,-515,-122,-109,-132,-100,-114,-202,-28,19,-128,1000,45,377,-105,-705,-477,339,-357,580,2425,-5,-2235,0,56,34,305,23,-290
20631,26,64,2396,-571,-146,-121,-155,-115,-189,-237,-23,11,-87,1000,81,490,-143,-770,-534,366,-362,630,2698,3,-2490,0,56,45,319,24,-293
20641,26,64,2495,-627,-174,-133,-178,-140,-238,-241,-45,13,-84,1000,139,581,-174,-874,-591,396,-362,681,2970,14,-2743,0,56,55,332,24,-305
20651,26,64,2595,-683,-213,-176,-198,-159,-347,-219,191,12,-220,1000,119,735,-207,-1096,-648,437,-383,734,3247,28,-2995,0,56,56,347,24,-316
20661,26,64,2695,-738,-247,-190,-218,-174,-352,-173,175,16,-75,1000,223,866,-218,-1202,-705,492,-424,791,3528,44,-3244,0,56,73,361,30,-323
20671,26,64,2795,-794,-292,-230,-252,-207,-412,-209,223,40,118,1000,359,1046,-133,-1413,-763,550,-465,849,3809,62,-3491,0,56,80,377,47,-333
20681,26,64,2895,-850,-336,-278,-292,-237,-422,-251,297,14,208,1000,346,1341,-174,-1554,-820,605,-497,906,4090,79,-3739,0,56,84,397,46,-341
20691,26,64,2984,-906,-354,-312,-334,-267,-280,-302,120,23,259,1000,364,1456,-97,-1671,-877,638,-487,957,4365,90,-3994,0,56,88,406,57,-349
20701,26,64,3024,-962,-358,-298,-370,-292,-134,-342,-204,45,197,1000,454,1386,-76,-1695,-934,627,-394,997,4629,91,-4259,0,56,86,403,61,-352
20711,26,64,3040,-1018,-415,-347,-380,-314,-445,-188,320,67,-47,1000,537,1558,-66,-2016,-992,594,-249,1032,4887,86,-4529,0,56,80,409,58,-374
20721,26,192,1937,-452,-499,-466,-387,-341,-653,-112,-840,96,-103,1000,632,1991,112,-2510,-384,-56,-87,487,1959,-175,-1985,0,56,96,-8,5,64
20731,26,196,1993,-394,-456,-413,-431,-376,128,-329,629,26,1174,1000,782,2255,231,-1826,-334,152,-100,475,1756,-102,-1678,0,56,111,3,46,95
20741,26,196,2075,-333,-366,-246,-461,-373,429,-284,1196,79,616,1000,842,1392,56,-1499,-282,442,-44,479,1562,-8,-1340,0,56,101,-22,43,116
20751,26,192,2168,-272,-356,-228,-433,-333,248,93,281,25,462,1000,787,1512,-41,-1271,-231,458,321,416,1300,17,-1070,0,56,64,-86,6,133
20761,26,192,2265,-211,-316,-162,-394,-316,347,262,354,9,508,1000,860,1391,-52,-909,-179,244,636,295,981,-14,-858,0,56,33,-138,-14,143
20771,26,192,2348,-150,-305,-135,-370,-305,178,257,87,20,226,1000,872,1246,-97,-883,-127,38,792,176,664,-43,-644,0,56,25,-146,-20,147
20781,26,192,2384,-89,-273,-192,-348,-266,288,252,-263,-19,-162,1000,521,1331,-55,-887,-75,-112,900,70,360,-59,-416,0,56,19,-144,-28,143
20791,26,64,2399,-28,-260,-183,-313,-225,168,222,-194,-24,-72,1000,523,1321,-26,-796,-23,-224,931,-24,66,-66,-178,0,56,14,-144,-24,133
20801,26,64,2019,0,-239,-145,-281,-199,193,208,0,-8,-62,1000,578,1149,-22,-693,0,-311,944,-77,-77,-77,-77,0,56,-31,-57,-27,-12
20811,26,64,1702,0,-247,-145,-250,-170,19,238,0,4,-10,1000,637,1145,0,-732,0,-385,931,-96,-96,-96,-96,0,56,-31,-57,-27,-17
20821,26,64,1573,0,-238,-131,-229,-145,62,236,0,1,36,1000,616,1082,-36,-696,0,-445,811,-111,-111,-111,-111,0,56,-34,-59,-27,-15
20831,26,64,1521,0,-223,-125,-220,-144,119,163,0,15,120,1000,585,968,-12,-702,0,-422,607,-105,-105,-105,-105,0,56,-34,-63,-20,-2
20841,26,0,1499,0,-201,-110,-217,-140,204,86,0,3,69,1000,467,845,-89,-651,0,-365,404,-91,-91,-91,-91,0,56,-33,-63,-11,14
20852,26,0,1491,0,-191,-102,-198,-122,137,132,0,-7,-28,1000,356,758,-181,-656,0,-332,214,-83,-83,-83,-83,0,56,-38,-64,-15,8
20862,26,0,1487,0,-189,-91,-176,-113,73,189,0,0,80,1000,375,692,-200,-660,0,-248,45,-62,-62,-62,-62,0,56,-9,-37,10,38
20872,26,0,1486,0,-176,-87,-167,-103,94,145,0,5,-36,1000,329,610,-192,-660,0,-176,45,-44,-44,-44,-44,0,56,-22,-47,-1,24
20882,26,0,1485,0,-168,-94,-170,-93,86,49,0,7,140,1000,311,618,-139,-639,0,-110,-74,-27,-27,-27,-27,0,56,-12,-39,3,33
20892,26,0,1485,0,-140,-80,-154,-81,216,102,0,-10,88,1000,216,555,-158,-506,0,-117,-52,-29,-29,-29,-29,0,56,-12,-37,1,28
20902,26,0,1485,0,-130,-83,-133,-80,127,145,0,-6,4,1000,182,519,-128,-502,0,-138,-8,-34,-34,-34,-34,0,56,-14,-40,-2,25
20912,26,0,1485,0,-127,-80,-119,-73,61,147,0,3,56,1000,224,504,-78,-488,0,-161,33,-40,-40,-40,-40,0,56,-17,-43,-4,21
20922,26,0,1485,0,-96,-49,-101,-64,209,163,0,-8,209,1000,207,423,-74,-283,0,-156,20,-39,-39,-39,-39,0,56,-17,-36,-3,15
20932,26,0,1485,0,-68,-14,-82,-50,236,158,0,-15,305,1000,200,311,-90,-106,0,-144,-4,-36,-36,-36,-36,0,56,-17,-27,0,8
20942,26,0,1485,0,-63,-8,-70,-37,127,110,0,-31,390,1000,178,337,-116,-32,0,-128,-31,-32,-32,-32,-32,0,56,-16,-24,1,9
21405,27,64,1520,36,-2,9,2,-1,-55,-18,-66,-3,-51,1000,7,-19,-45,6,-35,8,7,-164,0,170,33,0,56,-155,13,137,-4
21415,27,64,1586,92,16,-14,1,-4,77,-27,147,4,45,1000,-51,-3,101,21,-91,7,9,-427,0,437,79,0,56,-180,17,171,2
21425,27,64,1673,149,20,-19,17,-18,54,70,-22,-5,-15,1000,-116,0,69,22,-148,26,-26,-685,4,708,130,0,56,-208,21,183,7
21435,27,64,1767,206,29,-33,31,-29,73,111,-6,-6,-22,1000,-183,0,107,4,-205,57,-77,-940,11,983,184,0,56,-237,24,207,10
21445,27,64,1865,262,49,-46,45,-41,147,121,35,-11,-60,1000,-291,-24,155,29,-261,83,-111,-1196,18,1256,237,0,56,-254,23,228,16
21455,27,64,1964,319,71,-65,63,-58,202,153,62,-19,-34,1000,-411,-12,230,66,-318,114,-151,-1452,26,1531,291,0,56,-267,29,248,26
21465,27,64,2064,375,83,-77,87,-76,135,196,-58,-6,-23,1000,-440,-48,313,42,-374,141,-179,-1707,33,1804,344,0,56,-276,24,261,22
21475,27,64,2164,432,107,-82,109,-92,192,213,-62,-14,-95,1000,-551,-93,346,97,-431,155,-177,-1967,36,2075,394,0,56,-288,19,272,32
21485,27,64,2264,489,134,-93,133,-103,244,235,-17,-15,94,1000,-608,-85,469,190,-488,188,-212,-2221,44,2350,448,0,56,-297,25,286,52
21496,27,64,2364,545,157,-126,159,-120,234,244,32,-13,136,1000,-720,-61,616,199,-544,205,-214,-2479,49,2621,499,0,56,-308,33,301,57
21506,27,64,2464,602,159,-104,182,-135,83,250,-299,-26,26,1000,-730,-104,519,254,-601,201,-180,-2743,48,2887,544,0,56,-322,24,308,53
21516,27,64,2564,658,147,-109,194,-141,4,256,-255,-14,22,1000,-660,-70,553,204,-658,194,-93,-3008,46,3152,589,0,56,-337,28,317,50
21526,27,64,2665,715,189,-181,210,-159,270,264,206,6,-131,1000,-889,-72,851,118,-714,157,-22,-3280,37,3409,626,0,56,-355,22,331,34
21536,27,64,2765,771,247,-215,236,-178,456,265,317,12,-47,1000,-1056,-100,1127,238,-771,132,65,-3549,31,3670,666,0,56,-370,18,347,48
21546,27,64,2864,828,287,-239,266,-210,403,248,182,-8,22,1000,-1233,-65,1250,373,-827,83,89,-3824,19,3925,700,0,56,-385,27,357,48
21556,27,64,2922,885,331,-270,293,-238,431,206,241,-4,172,1000,-1352,-52,1489,479,-884,63,149,-4092,14,4187,741,0,56,-389,29,361,47
21566,27,64,2945,941,359,-274,317,-267,358,167,95,-12,183,1000,-1429,-65,1565,587,-941,27,230,-4363,5,4444,778,0,56,-392,26,360,45
21576,27,0,1865,397,404,-296,359,-283,436,255,0,-3,227,1000,-1537,-104,1785,685,-291,335,337,-1556,-165,1706,611,0,56,-42,-47,39,67
21586,27,64,1902,349,431,-318,417,-309,249,373,112,-28,75,1000,-1726,-71,1819,752,-256,205,414,-1392,-168,1478,515,0,56,76,-40,-101,39
21596,27,196,1977,284,305,-164,436,-338,-614,250,1307,-50,-6,1000,-1165,-117,1073,714,-208,-69,364,-1194,-196,1146,360,0,56,91,-52,-136,16
21606,27,192,2066,220,313,-169,385,-274,-213,-192,25,-37,-124,1000,-1200,-184,1105,672,-161,-187,364,-959,-185,855,246,0,56,128,-47,-142,29
21616,27,64,2162,156,328,-180,351,-263,-3,-260,-262,-17,22,1000,-1195,-221,1242,676,-114,-190,319,-693,-145,590,159,0,58,138,-45,-148,24
21626,27,64,2260,91,320,-160,327,-217,-54,-217,-179,-10,53,1000,-1131,-276,1182,664,-67,-170,242,-421,-100,331,78,0,59,150,-39,-159,11
21636,27,64,2359,27,287,-149,304,-171,-238,-206,-72,-31,-101,1000,-1101,-210,992,603,-19,-195,250,-161,-66,61,-12,0,60,158,-37,-179,0
21646,27,0,2459,0,242,-116,278,-157,-362,-183,0,-16,-47,1000,-867,-205,859,527,0,-220,258,-55,-55,-55,-55,0,60,22,-13,-60,-38
21656,27,0,2559,0,230,-125,239,-118,-206,-265,0,-10,-18,1000,-838,-169,866,464,0,-224,228,-56,-56,-56,-56,0,60,23,-16,-62,-37
21666,27,0,2659,0,232,-148,206,-117,-91,-333,0,-9,43,1000,-888,-125,924,421,0,-201,155,-50,-50,-50,-50,0,60,31,-16,-64,-31
21676,27,0,2759,0,218,-132,200,-116,-127,-202,0,-10,-25,1000,-866,-171,805,372,0,-165,48,-41,-41,-41,-41,0,60,51,3,-44,-9
21686,27,0,2859,0,187,-113,199,-109,-218,-76,0,-1,-9,1000,-743,-180,698,288,0,-115,-28,-28,-28,-28,-28,0,60,35,-5,-49,-19
21696,27,0,2960,0,160,-102,183,-105,-226,-90,0,2,24,1000,-650,-162,605,215,0,-71,-107,-17,-17,-17,-17,0,60,48,7,-32,-1
21706,27,0,3060,0,148,-95,159,-92,-163,-154,0,-2,5,1000,-635,-162,530,186,0,-29,-173,-7,-7,-7,-7,0,60,55,15,-24,7
